participant_id,sentence_id,sentence_content,sentence_length,word_sequence,skipped_words,regressed_words,skip_pairs,regression_pairs,skipped_words_count,regressed_words_count,word_skip_rate,word_regression_rate,skipped_then_regressed_proportion,max_skip_distance,max_regression_distance,fixation_omission_rate,fixation_regression_rate,mean_FFD,mean_GD,mean_GPT,mean_TRT,mean_nFixations,mean_meanPupilSize
ZJS,50,"They were part of the Puritan movement, especially following the teachings of John Cotton.",14,"0,1,3,5,6,4","2,4",4,"(1,3); (3,5)","(6,4)",2,1,0.14285714285714285,0.07142857142857142,1.0,1,2,0.5714285714285714,0.16666666666666666,118.16666666666667,118.16666666666667,171.5,118.16666666666667,1.0,1048.8333333333333
ZJS,51,Three U.S. Presidents (Franklin D. Roosevelt and both Bushes - George H. W. Bush and George W. Bush) are her descendants.,21,"0,2,3,3,5,7,10,12,13,14,12,3","1,4,6,8,9,11",12,"(0,2); (3,5); (5,7); (7,10); (10,12)","(14,12)",6,1,0.2857142857142857,0.047619047619047616,0.0,2,2,0.47619047619047616,0.2857142857142857,82.0909090909091,93.72727272727273,158.54545454545453,117.0909090909091,1.2727272727272727,1175.090909090909
ZJS,52,"Another descendant, Eve LaPlante, is the author of the most recent biography of Anne Hutchinson, American Jezebel: The Uncommon Life of Anne Hutchinson, the Woman Who Defied the Puritans.",29,"0,1,3,7,10,11,14,15,18,6,7,3,3,1,1","2,4,5,6,8,9,12,13,16,17","1,3","(1,3); (3,7); (7,10); (11,14); (15,18)","(7,3); (3,1)",10,2,0.3448275862068966,0.06896551724137931,0.0,3,4,0.6551724137931034,0.3333333333333333,91.1,91.1,150.7,143.9,1.5,1075.95
ZJS,53,"Hutchinson was born Anne Marbury on July 17, 1591 in Alford, Lincolnshire, England.",13,"0,2,3,2,4,5,7,10,11,12,12,11","1,3,6,8,9","2,11","(0,2); (2,4); (5,7); (7,10)","(3,2); (12,11)",5,2,0.38461538461538464,0.15384615384615385,0.0,2,1,0.3076923076923077,0.16666666666666666,104.33333333333333,117.0,144.22222222222223,144.22222222222223,1.3333333333333333,968.7222222222222
ZJS,54,"Hutchinson emigrated from England to Massachusetts in 1634, in response to the preacher John Cotton's doing so.",17,"0,0,1,2,3,4,5,5,9,10,9,12,11,9,8,12,11","6,7,8,10,11","8,9,11","(5,9); (9,12)","(10,9); (12,11); (11,9); (9,8); (12,11)",5,5,0.29411764705882354,0.29411764705882354,0.6666666666666666,3,2,0.35294117647058826,0.35294117647058826,85.54545454545455,104.36363636363636,178.1818181818182,142.72727272727272,1.5454545454545454,1039.1060606060607
ZJS,55,"She later moved yet further from her Boston-based persecutors, to what is now The Bronx in northern New York City.",20,"0,3,3,4,7,8,10,9,13,14,16,2","1,2,5,6,9,10,11,12,15",9,"(0,3); (4,7); (8,10); (9,13); (14,16)","(10,9)",9,1,0.45,0.05,1.0,3,1,0.45,0.25,94.63636363636364,101.9090909090909,119.81818181818181,101.9090909090909,1.0909090909090908,980.9090909090909
ZJS,56,"Erin Fleming (August 13, 1941- April 15, 2003) was a minor actress who was best known as the companion and care-giver to Groucho Marx in his final years.",28,"1,2,3,5,4,2,3,4,6,7,11,11,14,13,11,13,14,15,17,18,19,16","4,5,8,9,10,12,13,16","2,4,11,13,16","(3,5); (4,6); (7,11); (11,14); (15,17)","(5,4); (4,2); (14,13); (13,11); (19,16)",8,5,0.2857142857142857,0.17857142857142858,0.6,3,3,0.4642857142857143,0.2727272727272727,111.33333333333333,117.53333333333333,223.26666666666668,164.2,1.4666666666666666,929.2666666666667
ZJS,57,Fleming was born Marilyn Fleming in Canada.,7,"0,0,0,3","1,2",,"(0,3)",,2,0,0.2857142857142857,0.0,0.0,2,0,0.7142857142857143,0.25,150.5,233.5,233.5,233.5,2.0,934.0
ZJS,58,"Sir Andrew Fielding Huxley, OM, FRS (born 22 November 1917, Hampstead, London, England, UK) is a British physiologist and biophysicist, who won the 1963 Nobel Prize in Physiology or Medicine for his work with Alan Lloyd Hodgkin on the basis of nerve ""action potentials,"" the electrical impulses that enable the activity of an organism to be coordinated by a central nervous system.",62,"0,1,3,4,5,2",2,2,"(1,3)","(5,2)",1,1,0.016129032258064516,0.016129032258064516,1.0,1,3,0.9032258064516129,0.16666666666666666,107.5,107.5,123.0,107.5,1.0,1014.6666666666666
ZJS,59,"Hodgkin and Huxley shared the prize that year with John Carew Eccles, who was cited for research on synapses.",19,"0,2,9,10,10,12,16,18,18,12","1,3,4,5,6,7,8,11,13,14,15,17",,"(0,2); (2,9); (10,12); (12,16); (16,18)",,12,0,0.631578947368421,0.0,0.0,6,0,0.5789473684210527,0.36363636363636365,86.125,104.0,134.5,122.75,1.375,1054.6875
ZJS,60,"Huxley was a son of the writer and editor Leonard Huxley by his second wife Rosalind Bruce, and hence half-brother of Aldous Huxley and fellow biologist Julian Huxley and grandson of the biologist T. H. Huxley.",36,"0,0,3,3,5,7,8,9,12,13,13,11,13,15,15,16,18,15","1,2,4,6,10,11,14,17","11,15","(0,3); (3,5); (5,7); (9,12); (13,15); (16,18)","(13,11); (18,15)",8,2,0.2222222222222222,0.05555555555555555,0.5,2,3,0.6666666666666666,0.2777777777777778,111.16666666666667,140.91666666666666,173.25,164.75,1.5,935.1805555555555
ZJS,61,"Albert Einstein (March 14, 1879 - April 18, 1955) was a German-born Jewish theoretical physicist of German, Swiss and American citizenship, who is widely regarded as the greatest scientist of the 20th century or even of all time, ranking alongside the luminaries Newton and Gauss.",45,"0,1,2,3,6,8,9,11,11,12,13,14,16,16,19,19,20,22,24,24,24,24,28,30,32,34,2","4,5,7,10,15,17,18,21,23,25,26,27,29,31,33",,"(3,6); (6,8); (9,11); (14,16); (16,19); (20,22); (22,24); (24,28); (28,30); (30,32); (32,34)",,15,0,0.3333333333333333,0.0,0.0,3,0,0.5555555555555556,0.21428571428571427,106.4,136.45,165.6,160.25,1.4,878.825
ZJS,62,"He was awarded the 1921 Nobel Prize for Physics for his explanation of the photoelectric effect in 1905 (his ""miracle year"") and ""for his services to Theoretical Physics"".",28,"0,2,8,9,11,11,13,14,15,5,8,15,15,6,4,5,18,17,18,19,20,22,24,25,26,27,4","1,3,4,5,6,7,8,9,10,11,12,13,14,15,16,17,21,23","4,17","(0,2); (2,8); (9,11); (11,13); (5,18); (20,22); (22,24)","(6,4); (18,17)",22,2,0.7857142857142857,0.07142857142857142,1.0,12,2,0.2857142857142857,0.25925925925925924,94.75,99.7,153.3,131.25,1.35,930.675
ZJS,63,Einstein attended the Luitpold Gymnasium where he received a relatively progressive education.,12,"0,0,1,3,4,6,9,9,10,11,10,11,11,1","2,5,7,8",10,"(1,3); (4,6); (6,9)","(11,10)",4,1,0.3333333333333333,0.08333333333333333,0.0,2,1,0.3333333333333333,0.35714285714285715,74.375,92.75,141.625,141.625,1.75,954.1666666666666
ZJS,64,"In the spring of 1896, the Serbian Mileva Maria (an acquaintance of Nikola Tesla) started initially as a medical student at the University of Zurich, but after a term switched to the same section as Einstein as the only woman that year to study for the same diploma.",48,"1,2,6,5,6,7,8,10,10,13,5","3,4,5,9,11,12",5,"(2,6); (8,10); (10,13)","(6,5)",6,1,0.125,0.020833333333333332,1.0,3,1,0.8333333333333334,0.18181818181818182,132.375,148.0,201.25,175.75,1.375,896.1875
ZJS,65,"Einstein married Mileva Maria on January 6, 1903.",8,"0,1,2,3,5,6,5,6,2",4,"2,5","(3,5)","(6,5); (6,2)",1,2,0.125,0.25,0.0,1,4,0.25,0.3,97.83333333333333,97.83333333333333,206.66666666666666,194.0,1.6666666666666667,934.3333333333334
ZJS,66,"Abram Joffe, a Soviet physicist who knew Einstein, in an obituary of Einstein, wrote, ""The author of [the papers of 1905] was ... a bureaucrat at the Patent Office in Bern, Einstein-Maria"" and this has recently been taken as evidence of a collaborative relationship.",44,"0,1,3,3,4,4,3,4,5,7,7,6","2,6","3,6","(1,3); (5,7)","(4,3); (7,6)",2,2,0.045454545454545456,0.045454545454545456,0.5,1,1,0.8409090909090909,0.3333333333333333,114.28571428571429,154.42857142857142,218.71428571428572,196.28571428571428,1.7142857142857142,961.4761904761905
ZJS,67,"He and Mileva had an illegitimate daughter Lieserl, born in January 1902.",12,"0,2,3,5,5,6,7,10,11,2","1,4,8,9",,"(0,2); (3,5); (7,10)",,4,0,0.3333333333333333,0.0,0.0,2,0,0.25,0.3076923076923077,119.88888888888889,140.11111111111111,186.77777777777777,171.22222222222223,1.4444444444444444,817.5185185185185
ZJS,68,"In 1894, following the failure of Hermann's electrochemical business, the Einsteins moved from Munich to Pavia, Italy (near Milan).",19,"1,2,3,5,4,6,7,7,7,7,7,7,8,8,2","4,5",4,"(3,5); (4,6)","(5,4)",2,1,0.10526315789473684,0.05263157894736842,1.0,1,1,0.5789473684210527,0.2,114.625,203.75,227.125,217.625,1.875,898.625
ZJS,69,"Despite excelling in the mathematics and science portion, his failure of the liberal arts portion of the Eidgenoessische Technische Hochschule (ETH, Swiss Federal Institute of Technology, in Zurich) entrance exam the following year was a setback; his family sent him to Aarau, Switzerland, to finish secondary school, where he received his diploma in September 1896.",55,"0,1,2,4,4,5,6,5,6,9,9,12,14,16,17,17,17,17,18,18,12","3,7,8,10,11,13,15",5,"(2,4); (6,9); (9,12); (12,14); (14,16)","(6,5)",7,1,0.12727272727272726,0.01818181818181818,0.0,2,1,0.7818181818181819,0.19047619047619047,105.08333333333333,154.58333333333334,175.08333333333334,175.08333333333334,1.75,1056.0416666666667
ZJS,70,"Albert's sister Maja was to later marry their son Paul, and his friend Michele Besso married their other daughter Anna.",20,"0,0,1,3,4,7,9,12,11,13,11,13,13,14,12,13,14,15,17,17,2,3","2,5,6,8,10,11,12,16","11,12","(1,3); (4,7); (7,9); (9,12); (11,13); (15,17)","(12,11); (13,11); (14,12)",8,3,0.4,0.15,1.0,2,2,0.35,0.2727272727272727,102.6923076923077,119.84615384615384,201.6153846153846,185.76923076923077,1.6923076923076923,816.1730769230769
ZJS,71,"The same year, he renounced his Wuerttemberg citizenship and became stateless.",11,"0,2,3,4,5,6,6,6,7,9,1,0,2,4,4,6,6,6,7,9,9,10,10,2","1,8",0,"(0,2); (7,9)","(1,0)",2,1,0.18181818181818182,0.09090909090909091,0.0,1,1,0.09090909090909091,0.2916666666666667,111.1,135.7,259.7,235.7,2.4,915.0
ZJS,72,"On May 14, 1904, the couple's first son, Hans Albert Einstein, was born.",13,"1,3,5,6,8,9,10,10,11,5,3","2,4,7",3,"(1,3); (3,5); (6,8)","(5,3)",3,1,0.23076923076923078,0.07692307692307693,0.0,1,2,0.38461538461538464,0.18181818181818182,124.75,131.875,158.625,158.625,1.375,945.0625
ZJS,73,"Einstein was born at Ulm in Baden-Wuerttemberg, Germany, about 100 km east of Stuttgart.",14,"0,2,4,6,6,6,8,10","1,3,5,7,9",,"(0,2); (2,4); (4,6); (6,8); (8,10)",,5,0,0.35714285714285715,0.0,0.0,1,0,0.5714285714285714,0.25,161.0,188.16666666666666,188.16666666666666,188.16666666666666,1.3333333333333333,920.5555555555557
ZJS,74,"The family was Jewish (non-observant); Albert attended a Catholic elementary school and, at the insistence of his mother, was given violin lessons.",22,"0,1,0,2,3,4,4,4,6,6,8,9,9,10,3","1,5,7",0,"(0,2); (4,6); (6,8)","(1,0)",3,1,0.13636363636363635,0.045454545454545456,0.0,1,1,0.5909090909090909,0.25,98.22222222222223,154.33333333333334,208.44444444444446,199.11111111111111,1.7777777777777777,875.6481481481483
ZJS,75,"Miguel Ferrer (born February 7, 1955 in Santa Monica, California) is a Puerto Rican-American actor who is often cast in movies as a villain.",24,"0,0,2,3,6,7,8,9,10,9,13,13,14,15,20,20,21,23,9,0,2,3,7","1,4,5,10,11,12,16,17,18,19,22",9,"(0,2); (3,6); (9,13); (15,20); (21,23)","(10,9)",11,1,0.4583333333333333,0.041666666666666664,0.0,4,1,0.4166666666666667,0.3333333333333333,95.78571428571429,119.57142857142857,218.57142857142858,170.21428571428572,1.7142857142857142,1175.642857142857
ZJS,76,"In 1983, Miguel was given a small part as a waiter in the movie The Man Who Wasn't There.",19,"1,9,8,6,8,10,13,15,17,2","2,3,4,5,6,7,8,9,11,12,14,16","6,8","(1,9); (8,10); (10,13); (13,15); (15,17)","(9,8); (8,6)",12,2,0.631578947368421,0.10526315789473684,1.0,7,2,0.5263157894736842,0.45454545454545453,82.66666666666667,82.66666666666667,169.22222222222223,114.22222222222223,1.2222222222222223,970.8333333333334
ZJS,77,He was also given a small part in Star Trek III: The Search for Spock as the Excelsior helm officer.,20,"1,3,5,6,8,10,12,14,15,17,14","2,4,7,9,11,13,16",14,"(1,3); (3,5); (6,8); (8,10); (10,12); (12,14); (15,17)","(17,14)",7,1,0.35,0.05,0.0,1,3,0.5,0.09090909090909091,103.3,103.3,114.0,114.0,1.1,985.35
ZJS,78,Miguel was the oldest of five children born to Oscar winner Jose Ferrer and singer Rosemary Clooney-Ferrer.,17,"0,0,2,3,5,7,6,9,11,13,14,15,16,15,16,3","1,4,6,7,8,10,12","6,15","(0,2); (3,5); (5,7); (6,9); (9,11); (11,13)","(7,6); (16,15)",7,2,0.4117647058823529,0.11764705882352941,0.5,2,1,0.29411764705882354,0.3125,106.33333333333333,111.75,152.16666666666666,140.83333333333334,1.3333333333333333,964.875
ZJS,79,Miguel was raised amongst all the splendor and glamour of Hollywood.,11,"0,1,2,3,5,6,7,10,10,2","4,8,9",,"(3,5); (7,10)",,3,0,0.2727272727272727,0.0,0.0,2,0,0.2727272727272727,0.2,109.875,124.875,138.125,138.125,1.25,851.75
ZJS,80,"As a child, his hero was Batman, and as a teenager his interests shifted towards music.",16,"1,3,5,6,6,8,10,12,1,12","2,4,7,9,11",,"(1,3); (3,5); (6,8); (8,10); (10,12)",,5,0,0.3125,0.0,0.0,1,0,0.5,0.36363636363636365,104.625,113.25,164.125,150.625,1.375,1098.625
ZJS,81,Miguel played the drums on Keith Moon's Two Sides of the Moon.,12,"0,0,2,1,4,6,7,11,1","1,2,3,5,8,9,10",1,"(0,2); (1,4); (4,6); (7,11)","(2,1)",7,1,0.5833333333333334,0.08333333333333333,1.0,3,1,0.4166666666666667,0.3333333333333333,89.28571428571429,99.71428571428571,127.0,115.85714285714286,1.2857142857142858,992.8571428571429
ZJS,82,"Band mate Billy Mumy (""Will Robinson"" on the T.V. classic Lost In Space) cast Miguel as a drummer in his first television role, in the series Sunshine.",27,"0,1,3,5,5,7,7,10,0,1","2,4,6,8,9",,"(1,3); (3,5); (5,7); (7,10)",,5,0,0.18518518518518517,0.0,0.0,2,0,0.7777777777777778,0.2,105.5,130.66666666666666,182.83333333333334,182.83333333333334,1.6666666666666667,1084.9166666666667
ZJS,83,"Among the many television shows in which Miguel has made guest appearances are: Miami Vice, CHiPs, Will & Grace, Superman, Tales from the Crypt and Twin Peaks.",27,"0,0,1,3,3,8,11,11,12,14,15,19,19,20,21,23,2","2,4,5,6,7,9,10,13,16,17,18,22",,"(1,3); (3,8); (8,11); (12,14); (15,19); (21,23)",,12,0,0.4444444444444444,0.0,0.0,4,0,0.5185185185185185,0.23529411764705882,97.07692307692308,121.07692307692308,132.0,121.07692307692308,1.3076923076923077,1010.4230769230769
ZJS,84,He also starred in the mini series The Stand.,9,"1,2,4,6,8,4","3,5,7",4,"(2,4); (4,6); (6,8)","(8,4)",3,1,0.3333333333333333,0.1111111111111111,0.0,1,4,0.4444444444444444,0.0,99.0,99.0,124.0,124.0,1.2,920.7
ZJS,85,Miguel played the role of Dr. Garret Macy in NBC's drama Crossing Jordan.,13,"0,1,4,6,1","2,3,5",1,"(1,4); (4,6)","(6,1)",3,1,0.23076923076923078,0.07692307692307693,0.0,2,5,0.6923076923076923,0.2,104.0,104.0,129.25,129.25,1.25,993.75
ZJS,86,"In 1999, at the 41st Grammy Awards, Miguel was nominated for ""Best Spoken Word Album for Children"" in Disney's The Lion King II, ""Simba's Pride Read-Along"".",26,"1,2,1,5,4,5,6,15,10,12,12","2,3,4,7,8,9,10,11,12,13,14","1,4,10","(1,5); (6,15); (10,12)","(2,1); (5,4); (15,10)",12,3,0.46153846153846156,0.11538461538461539,0.6666666666666666,8,5,0.6538461538461539,0.3333333333333333,82.11111111111111,95.33333333333333,215.44444444444446,112.33333333333333,1.3333333333333333,967.7222222222222
ZJS,87,"In 2003, Miguel made his New York stage debut in the Off-Broadway production of The Exonerated.",16,"1,2,5,8,10,11,11,12,14,3","3,4,6,7,9,13",,"(2,5); (5,8); (8,10); (12,14)",,6,0,0.375,0.0,0.0,2,0,0.4375,0.1,103.22222222222223,111.66666666666667,124.66666666666667,111.66666666666667,1.1111111111111112,915.8333333333334
ZJS,88,His cousin is actor George Clooney.,6,"1,3,4,5",2,,"(1,3)",,1,0,0.16666666666666666,0.0,0.0,1,0,0.3333333333333333,0.0,96.0,96.0,96.0,96.0,1.0,971.5
ZJS,89,His brother Gabriel Ferrer is married to singer Debby Boone.,10,"1,2,3",,,,,0,0,0.0,0.0,0.0,0,0,0.7,0.0,169.0,169.0,169.0,169.0,1.0,1104.6666666666667
ZJS,90,Miguel was close friends with actress Dominique Dunne and in 1982 served as a pallbearer in her funeral.,18,"0,2,4,5,6,7,7,6,7,1,0,2,3,5,6,6,7","1,3","0,6","(0,2); (2,4)","(7,6); (1,0)",2,2,0.1111111111111111,0.1111111111111111,0.0,1,1,0.5555555555555556,0.2777777777777778,121.5,127.75,271.125,225.5,2.25,968.8229166666667
ZJS,91,"William Hindman (April 1, 1743 - January 19, 1822) was an American lawyer and statesman from Talbot County, Maryland.",19,"0,0,1,2,5,7,8,10,11,12,13,14,14,1,15,7","2,3,4,5,6,7,8,9,10,11,12,13,14",,"(2,5); (5,7); (8,10); (1,15)",,17,0,0.8947368421052632,0.0,0.0,13,0,0.3684210526315789,0.1875,97.0,115.33333333333333,129.08333333333334,129.08333333333334,1.3333333333333333,1043.2916666666667
ZJS,92,"He represented Maryland in the Continental Congress, and in the federal Congress as both the Representative and a U.S.",19,"0,1,3,5,6,6,9,11,12,15,15,17,5","2,4,7,8,10,13,14,16",,"(1,3); (3,5); (6,9); (9,11); (12,15); (15,17)",,8,0,0.42105263157894735,0.0,0.0,2,0,0.47368421052631576,0.25,103.9,143.9,181.6,169.8,1.6,1029.325
ZJS,93,"Senator James Lloyd resigned, and Hindman was named to finish his term.",12,"0,0,2,3,5,6,7,4,9,1","1,4,5,6,7,8",4,"(0,2); (3,5); (4,9)","(7,4)",6,1,0.5,0.08333333333333333,1.0,4,3,0.25,0.36363636363636365,113.11111111111111,121.55555555555556,191.44444444444446,133.22222222222223,1.2222222222222223,998.0555555555555
ZJS,94,He served in the United States Senate from December of 1800 until November of 1801.,15,"1,4,5,6,8,11,11,8,11,1","2,3,7,9,10",8,"(1,4); (6,8); (8,11)","(11,8)",5,1,0.3333333333333333,0.06666666666666667,0.0,2,3,0.6,0.3,107.16666666666667,124.66666666666667,178.66666666666666,178.66666666666666,1.6666666666666667,978.5555555555555
ZJS,95,"In the Senate, he was aligned with the Federalists.",9,"1,2,5,6,8,4","3,4,7",4,"(2,5); (6,8)","(8,4)",3,1,0.3333333333333333,0.1111111111111111,1.0,2,4,0.3333333333333333,0.0,106.66666666666667,106.66666666666667,123.33333333333333,106.66666666666667,1.0,947.6666666666666
ZJS,96,"William was born in Dorchester County, Maryland, the second son of Jacob Hindman (1713-1766) and Mary Trippe Hindman (died 1782).",20,"0,0,3,4,5,6,2","1,2",2,"(0,3)","(6,2)",2,1,0.1,0.05,1.0,2,4,0.7,0.2857142857142857,92.16666666666667,106.33333333333333,121.83333333333333,106.33333333333333,1.1666666666666667,928.9166666666666
ZJS,97,"William studied law at the Inns of Court in London, returning to Maryland in 1765.",15,"0,1,4,7,9,10,10,12,1","2,3,5,6,8,11",,"(1,4); (4,7); (7,9); (10,12)",,6,0,0.4,0.0,0.0,2,0,0.5333333333333333,0.3333333333333333,95.28571428571429,105.85714285714286,124.71428571428571,124.71428571428571,1.2857142857142858,969.3571428571429
ZJS,98,"Hindman died in Baltimore, Maryland and is buried in St. Paul�s Burial Ground there.",14,"0,1,3,3,4,3,5,6,10,10,12,13,0","2,4,7,8,9,11",3,"(1,3); (3,5); (6,10); (10,12)","(4,3)",6,1,0.42857142857142855,0.07142857142857142,0.0,3,1,0.35714285714285715,0.23076923076923078,108.22222222222223,141.77777777777777,169.88888888888889,169.88888888888889,1.4444444444444444,952.425925925926
ZJS,99,"In 1792 voters returned him the state Senate, but later that year he was appointed to the United States House of Representatives after the resignation of Joshua Seney.",28,"0,2,3,5,7,7,9,11,10,11,13","1,4,6,8,10,12",10,"(0,2); (3,5); (5,7); (7,9); (9,11); (11,13)","(11,10)",6,1,0.21428571428571427,0.03571428571428571,1.0,1,1,0.6785714285714286,0.18181818181818182,103.33333333333333,111.44444444444444,144.11111111111111,123.22222222222223,1.2222222222222223,1192.888888888889
ZJS,100,"From 1775 and 1777, Hindman served in Maryland�s revolutionary government, as the state�s Treasurer for the Eastern Shore.",18,"1,2,2,3,5,6,7,8,8,9,9,12,13,14","4,10,11",,"(3,5); (9,12)",,3,0,0.16666666666666666,0.0,0.0,2,0,0.3888888888888889,0.2857142857142857,91.54545454545455,112.45454545454545,112.45454545454545,112.45454545454545,1.2727272727272727,946.1363636363636
ZJS,101,"Clive Jay Davis (born April 4, 1934) is the founder of Arista Records, and member of the Rock and Roll Hall of Fame as a nonperformer.",26,"1,1,5,7,9,12,13,15,17,18,22,14","2,3,4,6,8,10,11,14,16,19,20,21",,"(1,5); (5,7); (7,9); (9,12); (13,15); (15,17); (18,22)",,12,0,0.46153846153846156,0.0,0.0,3,0,0.5769230769230769,0.23076923076923078,127.45454545454545,135.72727272727272,216.45454545454547,150.1818181818182,1.1818181818181819,966.8636363636364
ZJS,102,"He was a working class Jewish boy who grew up in Brooklyn, New York.",14,"1,3,2,3,9,7,7,12,13","2,4,5,6,7,8,9,10,11","2,7","(1,3); (3,9); (7,12)","(3,2); (9,7)",10,2,0.7142857142857143,0.14285714285714285,1.0,5,2,0.5,0.5454545454545454,88.28571428571429,107.28571428571429,208.57142857142858,147.42857142857142,1.5714285714285714,1073.904761904762
ZJS,103,He graduated from New York University`s College of Arts and Sciences in 1953 and received a scholarship to Harvard Law School.,21,"1,2,4,5,5,6,7,10,2","3,8,9",,"(2,4); (7,10)",,3,0,0.14285714285714285,0.0,0.0,2,0,0.6666666666666666,0.1111111111111111,110.28571428571429,120.57142857142857,136.28571428571428,136.28571428571428,1.2857142857142858,998.3571428571429
ZJS,104,He was then hired by the legal department of CBS subsidiary Columbia Records.,13,"1,3,7,8,10,11,12,3","2,4,5,6,9",,"(1,3); (3,7); (8,10)",,5,0,0.38461538461538464,0.0,0.0,3,0,0.38461538461538464,0.2222222222222222,90.625,90.625,128.125,114.25,1.125,1090.8125
ZJS,105,"In 1974, he founded Arista Records, naming it after his secondary school honor society.",14,"1,3,5,3,6,8,10,10,11,4","2,4,5,7,9",3,"(1,3); (3,5); (3,6); (6,8); (8,10)","(5,3)",6,1,0.42857142857142855,0.07142857142857142,0.0,2,2,0.42857142857142855,0.4,112.5,125.0,156.0,132.5,1.25,1022.0
ZJS,106,"Erasmus Darwin (December 12, 1731 - April 18, 1802) trained as a physician and wrote extensively on medicine and botany, as well as poetry.",24,"0,2,2,2,3,6,6,8,12,11,13,14,15,2","1,4,5,7,9,10,11,12",11,"(0,2); (3,6); (6,8); (8,12); (11,13)","(12,11)",8,1,0.3333333333333333,0.041666666666666664,1.0,3,1,0.5833333333333334,0.35714285714285715,91.9,113.2,131.9,123.7,1.4,956.625
ZJS,107,"He lived in Lichfield and Derby, England.",7,"1,3,3",2,,"(1,3)",,1,0,0.14285714285714285,0.0,0.0,1,0,0.7142857142857143,0.0,110.0,183.5,183.5,183.5,1.5,967.75
ZJS,108,He was one of the founder members of the Lunar Society.,11,"1,3,1,4,5,5,5,5,6,7","2,3",1,"(1,3); (1,4)","(3,1)",3,1,0.2727272727272727,0.09090909090909091,0.0,2,2,0.36363636363636365,0.36363636363636365,129.71428571428572,161.57142857142858,191.57142857142858,176.42857142857142,1.5714285714285714,1009.2142857142857
ZJS,109,"He was a member of the Darwin-Wedgwood family, most famously including his grandson, Charles Darwin.",15,"2,2,4,6,6,7,7,8","3,5",,"(2,4); (4,6)",,2,0,0.13333333333333333,0.0,0.0,1,0,0.6666666666666666,0.25,77.6,124.0,124.0,124.0,1.6,983.4
ZJS,110,"He was born near at Elston Hall near Nottingham, and educated at Chesterfield School then later at St. John's College, Cambridge.",21,"2,2,5,7,8,8,10,12,10,12,13,12,11,14","3,4,6,9,11,12,13","10,11,12","(2,5); (5,7); (8,10); (10,12); (11,14)","(12,10); (13,12); (12,11)",7,3,0.3333333333333333,0.14285714285714285,0.6666666666666666,2,2,0.5714285714285714,0.21428571428571427,95.11111111111111,115.77777777777777,155.11111111111111,146.44444444444446,1.5555555555555556,1029.0185185185185
ZJS,111,He obtained his degree at Edinburgh Medical School.,8,"1,2,1,3,5,5,6,7","2,4",1,"(1,3); (3,5)","(2,1)",2,1,0.25,0.125,0.0,1,1,0.25,0.25,94.33333333333333,115.0,144.5,144.5,1.3333333333333333,984.75
ZJS,112,He practised medicine in Lichfield in Staffordshire for twenty years; George III invited him to be royal physician but he declined.,21,"1,1,2,5,6,4,6,6","3,4",4,"(2,5)","(6,4)",2,1,0.09523809523809523,0.047619047619047616,1.0,2,2,0.7619047619047619,0.25,102.6,114.8,177.2,158.4,1.6,870.0666666666666
ZJS,113,"In 1781 he moved to Derby, where he died suddenly on the 18th of April 1802.",16,"1,4,6,8,9,13,15,15,6","2,3,5,7,10,11,12,14",,"(1,4); (4,6); (6,8); (9,13); (13,15)",,8,0,0.5,0.0,0.0,3,0,0.5,0.2,118.625,130.75,236.125,153.875,1.25,898.6875
ZJS,114,"His most important scientific work is his Zoonomia (1794-1796), which contains a system of pathology, and a treatise on ""generation,"" in which he, in the words of his famous grandson, Charles Robert Darwin, anticipated the views of Jean-Baptiste Lamarck, who in turn is regarded to have foreshadowed the theory of evolution.",51,"1,2,3,4,7,7,8,8,9","5,6",,"(4,7)",,2,0,0.0392156862745098,0.0,0.0,2,0,0.8627450980392157,0.2222222222222222,122.85714285714286,149.14285714285714,149.14285714285714,149.14285714285714,1.2857142857142858,1384.2857142857142
ZJS,115,"Eunice Mary Kennedy Shriver (born July 10, 1921 in Brookline, Massachusetts) is a member of the Kennedy family.",18,"0,2,3,4,5,5,6,7,6,7,9,10,10,13,14,13,2","1,8,11,12","6,13","(0,2); (7,9); (10,13)","(7,6); (14,13)",4,2,0.2222222222222222,0.1111111111111111,0.0,2,1,0.3888888888888889,0.29411764705882354,108.0909090909091,134.8181818181818,171.0909090909091,171.0909090909091,1.5454545454545454,1176.5454545454545
ZJS,116,"Her father was Joseph P. Kennedy, Sr., and her mother was Rose Kennedy.",13,"1,3,1,2,3,5,6,8,8,3,5","2,4,7","1,3","(1,3); (3,5); (6,8)","(3,1); (8,3)",3,2,0.23076923076923078,0.15384615384615385,0.0,1,5,0.5384615384615384,0.18181818181818182,98.16666666666667,108.0,200.0,182.5,1.8333333333333333,920.25
ZJS,117,"On May 23, 1953, she married Robert Sargent Shriver, Jr., who was U.S. ambassador to France from 1968 to 1970, and was Democratic vice-presidential candidate in 1972.",27,"2,4,6,8,11,11,4","3,5,7,9,10",,"(2,4); (4,6); (6,8); (8,11)",,5,0,0.18518518518518517,0.0,0.0,2,0,0.7777777777777778,0.375,112.83333333333333,130.5,191.0,155.83333333333334,1.3333333333333333,979.4166666666666
ZJS,118,"She actively campaigned for her brother John F. Kennedy, and supported Arnold Schwarzenegger's successful bid for governor of California in 2003.",21,"1,3,5,6,8,8,8,10,11,12,12,12,13,14,16,18,19,2","2,4,7,9,15,17",,"(1,3); (3,5); (6,8); (8,10); (14,16); (16,18)",,6,0,0.2857142857142857,0.0,0.0,1,0,0.3333333333333333,0.2222222222222222,90.0,119.85714285714286,129.0,119.85714285714286,1.2857142857142858,836.452380952381
ZJS,119,"King married Coretta Scott on June 18, 1953.",8,"1,2,5,6,4","3,4",4,"(2,5)","(6,4)",2,1,0.25,0.125,1.0,2,2,0.375,0.0,117.8,117.8,143.0,117.8,1.0,926.0
ZJS,120,"The wedding ceremony took place in Scott's parents' house in Marion, Alabama, and was performed by King's father.",18,"1,1,2,2,3",,,,,0,0,0.0,0.0,0.0,0,0,0.8333333333333334,0.4,117.33333333333333,175.66666666666666,175.66666666666666,175.66666666666666,1.6666666666666667,1011.5
ZJS,121,"In 1953, King became the pastor of the Dexter Avenue Baptist Church in Montgomery, Alabama.",15,"2,3,5,7,8,9,11,10,12,13,14","4,6,10,11",10,"(3,5); (5,7); (9,11); (10,12)","(11,10)",4,1,0.26666666666666666,0.06666666666666667,1.0,1,1,0.26666666666666666,0.18181818181818182,101.0909090909091,101.0909090909091,108.45454545454545,101.0909090909091,1.0,828.0909090909091
ZJS,122,"The Reverend Martin Luther King, Jr. Ph.D., Boston University (January 15, 1929 - April 4, 1968) was an American Nobel Laureate, Baptist minister, and African American civil rights activist.",29,"1,1,2,3,4,6,7,1,9,11,13,16,2","2,3,4,5,6,7,8,10,12,14,15",,"(4,6); (1,9); (9,11); (11,13); (13,16)",,12,0,0.41379310344827586,0.0,0.0,7,0,0.6551724137931034,0.23076923076923078,106.1,112.0,141.0,141.0,1.3,892.6666666666666
ZJS,123,He also was awarded the Presidential Medal of Freedom.,9,"2,4,5,8,8,3","3,6,7",3,"(2,4); (5,8)","(8,3)",3,1,0.3333333333333333,0.1111111111111111,1.0,2,5,0.4444444444444444,0.3333333333333333,84.6,98.8,122.4,98.8,1.2,862.2
ZJS,124,"Following the campaign, King was instrumental in the founding of the Southern Christian Leadership Conference (SCLC) in 1957, a group created to harness the moral authority and organizing power of black churches to conduct nonviolent protests in the service of civil rights reform.",43,"0,2,4,5,7","1,3,6",,"(0,2); (2,4); (5,7)",,3,0,0.06976744186046512,0.0,0.0,1,0,0.8837209302325582,0.0,98.6,98.6,98.6,98.6,1.0,828.4
ZJS,125,"The organization's nonviolent principles were criticized by the younger, more radical blacks and challenged by the Student Nonviolent Coordinating Committee (SNCC) then headed by James Foreman.",26,"1,1,2,3,4,5,8,9,10,12,13,16,17,18,19,19,20,22,22,24,25,2","6,7,11,14,15,21,23",,"(5,8); (10,12); (13,16); (20,22); (22,24)",,7,0,0.2692307692307692,0.0,0.0,2,0,0.3076923076923077,0.18181818181818182,113.0,129.55555555555554,137.61111111111111,137.61111111111111,1.2222222222222223,881.9722222222222
ZJS,126,"King was born in Atlanta, Georgia to the Rev. Martin Luther King, Sr. and Alberta Williams King.",17,"1,2,2,4,5,6,12,14,15,16,13,3","3,7,8,9,10,11,13",13,"(2,4); (6,12); (12,14)","(16,13)",7,1,0.4117647058823529,0.058823529411764705,1.0,5,3,0.35294117647058826,0.23076923076923078,121.72727272727273,138.9090909090909,247.0909090909091,144.8181818181818,1.1818181818181819,986.4090909090909
ZJS,127,He graduated from Morehouse College with a Bachelor of Arts degree in Sociology in 1948.,15,"1,2,2,3,4,4,5,7,7,12,10,14,12","6,8,9,10,11,12,13","10,12","(5,7); (7,12); (10,14)","(12,10); (14,12)",8,2,0.5333333333333333,0.13333333333333333,1.0,4,2,0.4,0.3076923076923077,102.0,130.44444444444446,158.44444444444446,145.88888888888889,1.4444444444444444,1042.0555555555557
ZJS,128,"His application to Yale Divinity School was rejected, and he graduated from Crozer Theological Seminary in Chester, Pennsylvania [1] with a Bachelor of Divinity in 1951.",26,"1,1,3,4,5,14,16,10,10,12,13","2,6,7,8,9,10,11,12,13,15",,"(1,3); (5,14); (14,16); (10,12)",,11,0,0.4230769230769231,0.0,0.0,8,0,0.6538461538461539,0.2727272727272727,101.33333333333333,117.88888888888889,161.66666666666666,117.88888888888889,1.2222222222222223,1048.2777777777778
ZJS,129,He received his Ph.D. in Systematic theology from Boston University in 1955.,12,"1,3,5,6,5,6,6,8,9,11","2,4,7,10",5,"(1,3); (3,5); (6,8); (9,11)","(6,5)",4,1,0.3333333333333333,0.08333333333333333,0.0,1,1,0.4166666666666667,0.36363636363636365,110.85714285714286,110.85714285714286,206.14285714285714,187.57142857142858,1.5714285714285714,894.2380952380952
ZJS,130,"Gail Davis (born October 5, 1925; died March 15, 1997) was an American actress.",14,"1,3,5,7,9,12,13","2,4,6,8,10,11",,"(1,3); (3,5); (5,7); (7,9); (9,12)",,6,0,0.42857142857142855,0.0,0.0,2,0,0.5,0.2857142857142857,105.85714285714286,105.85714285714286,105.85714285714286,105.85714285714286,1.0,812.4285714285714
ZJS,131,"She and her husband moved to Hollywood, California to pursue a career in motion pictures and in 1947, as ""Gail Davis,"" she made her motion picture debut in a comedy film short.",32,"1,8,11,14,3","2,3,4,5,6,7,9,10,12,13",,"(1,8); (8,11); (11,14)",,10,0,0.3125,0.0,0.0,6,0,0.8125,0.5,110.0,110.0,177.16666666666666,110.0,1.0,1025.0
ZJS,132,She then appeared in minor roles in another four films until landing a supporting role under star Roy Rogers in a 1948 Western film called The Far Frontier.,28,"1,2,6,9,11,13,17,18,18,23,26,13","3,4,5,7,8,10,12,14,15,16,19,20,21,22,24,25",,"(2,6); (6,9); (9,11); (11,13); (13,17); (18,23); (23,26)",,16,0,0.5714285714285714,0.0,0.0,4,0,0.6071428571428571,0.23076923076923078,100.9090909090909,106.63636363636364,132.0,115.45454545454545,1.1818181818181819,997.8181818181819
ZJS,133,"Between then and 1953, Davis appeared in more than three dozen films, of which all but three were in the Western genre and that included fourteen films with the singing cowboy star, Gene Autry.",34,"1,2,4,4,5,19,20,23,22,11,11,13,24,24,26,27,3","3,6,7,8,9,10,11,12,13,14,15,16,17,18,19,20,21,22,23,25",22,"(2,4); (5,19); (20,23); (11,13); (13,24); (24,26)","(23,22)",28,1,0.8235294117647058,0.029411764705882353,1.0,13,1,0.5882352941176471,0.29411764705882354,91.64285714285714,110.57142857142857,168.35714285714286,110.57142857142857,1.2142857142857142,909.9285714285714
ZJS,134,"In 1950, she began to guest star in television Westerns, notably in the ""Lone Ranger"" and ""Cisco Kid"" series plus more than a dozen appearances on the ""Gene Autry Show"".",30,"1,3,6,8,9,9,10,13,14,15,16,17,18,21,23,24,25,27,28,29,5","2,4,5,7,11,12,19,20,22,26",,"(1,3); (3,6); (6,8); (10,13); (18,21); (21,23); (25,27)",,10,0,0.3333333333333333,0.0,0.0,2,0,0.3333333333333333,0.09523809523809523,112.15,115.05,122.15,115.05,1.05,880.475
ZJS,135,"Gail Davis passed away from cancer in 1997 in Los Angeles, California and was interred there in the Forest Lawn - Hollywood Hills Cemetery.",24,"1,2,4,5,4,6,9,11,13,14,17,18,19,19,19,21,22,23","3,5,7,8,10,12,15,16,20",4,"(2,4); (4,6); (6,9); (9,11); (11,13); (14,17); (19,21)","(5,4)",9,1,0.375,0.041666666666666664,0.0,2,1,0.375,0.2222222222222222,114.2,129.53333333333333,135.73333333333332,135.73333333333332,1.2,835.1222222222223
ZJS,136,"The daughter of a small town medical doctor, she was born Betty Jeanne Grayson in a hospital at Little Rock, Arkansas.",21,"1,4,5,6,7,9,12,12,13,14,15,16,15,16,18,19,13","2,3,8,10,11,17",15,"(1,4); (7,9); (9,12); (16,18)","(16,15)",6,1,0.2857142857142857,0.047619047619047616,0.0,2,1,0.38095238095238093,0.23529411764705882,109.92307692307692,113.76923076923077,149.76923076923077,149.76923076923077,1.3076923076923077,893.7692307692307
ZJS,137,"Her family lived in McGehee, Arkansas where she was raised until they moved to Little Rock.",16,"2,4,5,5,8,11,14,12,14","3,6,7,9,10,12,13",12,"(2,4); (5,8); (8,11); (11,14)","(14,12)",7,1,0.4375,0.0625,1.0,2,2,0.5625,0.2222222222222222,121.57142857142857,135.57142857142858,184.0,155.28571428571428,1.2857142857142858,883.1428571428571
ZJS,138,"She had been singing and dancing since childhood and after graduating from high scool in Little Rock, she went to study drama at girl's college in Bryn Mawr, Pennsylvania before completing her education at the University of Texas in Austin.",40,"1,3,4,5,7,7,9,10,11,13,12,10,14,15,5","2,6,8,11,12,13","10,12","(1,3); (5,7); (7,9); (11,13); (10,14)","(13,12); (12,10)",7,2,0.175,0.05,0.5,3,2,0.7,0.3333333333333333,116.25,122.83333333333333,168.08333333333334,151.08333333333334,1.25,1090.3333333333333
ZJS,139,"Between 1954 and 1956, Gail Davis starred as the Western sharpshooter, Annie Oakley in the Annie Oakley television series on the ABC network.",23,"1,2,3,5,6,7,9,10,11,14,16,17,19,20,12","4,8,12,13,15,18",,"(3,5); (7,9); (11,14); (14,16); (17,19)",,6,0,0.2608695652173913,0.0,0.0,2,0,0.34782608695652173,0.13333333333333333,96.66666666666667,96.66666666666667,106.4,96.66666666666667,1.0,876.8
ZJS,140,"Elvis Aron Presley (January 8, 1935 - August 16, 1977), also known as The King of Rock and Roll (sometimes shortened to The King) was an American singer and actor.",30,"1,2,3,5,7,9,9,11,11,14,16,18,19,19,23,22,24,3","4,6,8,10,12,13,15,17,20,21,22,23",22,"(3,5); (5,7); (7,9); (9,11); (11,14); (14,16); (16,18); (19,23); (22,24)","(23,22)",12,1,0.4,0.03333333333333333,1.0,3,1,0.5333333333333333,0.3157894736842105,89.42857142857143,112.64285714285714,139.92857142857142,128.42857142857142,1.3571428571428572,933.7857142857143
ZJS,141,"The movies Jailhouse Rock (1957), King Creole (1958), and Flaming Star (1960) are widely regarded as his best among film critics.",21,"1,2,5,7,10,12,14,15,17,18,20,6,7,5","3,4,6,8,9,11,13,16,19",5,"(2,5); (5,7); (7,10); (10,12); (12,14); (15,17); (18,20)","(7,5)",9,1,0.42857142857142855,0.047619047619047616,0.0,2,2,0.42857142857142855,0.14285714285714285,96.75,96.75,125.75,120.58333333333333,1.1666666666666667,904.2083333333334
ZJS,142,"Among fans, Blue Hawaii (1961) and Viva Las Vegas (1964) are also highly praised.",14,"1,1,3,4,6,8,9,12,11,12,13,2","2,5,7,10,11",11,"(1,3); (4,6); (6,8); (9,12)","(12,11)",5,1,0.35714285714285715,0.07142857142857142,1.0,2,1,0.2857142857142857,0.25,85.0,91.2,129.2,104.9,1.2,944.6
ZJS,143,"Elvis Aron Presley was born in a two-room house in East Tupelo, Mississippi to Vernon Elvis Presley and Gladys Love Smith.",21,"1,3,7,8,11,12,12,4","2,4,5,6,9,10",,"(1,3); (3,7); (8,11)",,6,0,0.2857142857142857,0.0,0.0,3,0,0.6666666666666666,0.25,107.71428571428571,116.42857142857143,136.42857142857142,116.42857142857143,1.1428571428571428,1012.2142857142857
ZJS,144,"Elvis Presley was raised both in East Tupelo (which merged with Tupelo in 1948) and later in Memphis, Tennessee, where his family moved when he was 13.",27,"1,2,4,7,7,9,11,11,13,17,17,18,21,1,2,13,18,17,17","3,5,6,8,10,12,14,15,16,19,20",17,"(2,4); (4,7); (7,9); (9,11); (11,13); (13,17); (18,21)","(18,17)",11,1,0.4074074074074074,0.037037037037037035,0.0,3,1,0.6296296296296297,0.21052631578947367,105.3,137.0,188.1,188.1,1.9,914.4
ZJS,145,Elvis had a twin brother (Jesse Garon Presley) who died at birth.,12,"1,4,5,7,5,5","2,3,6",5,"(1,4); (5,7)","(7,5)",3,1,0.25,0.08333333333333333,0.0,2,2,0.5833333333333334,0.42857142857142855,106.2,106.2,177.8,155.8,1.4,907.6
ZJS,146,"Beginning with Love Me Tender (opened on November 15, 1956), Presley starred in 31 motion pictures, having signed to multiple long-term contracts on the advice of his manager.",28,"0,1,1,2,5,4,5,5,7,10,5,5,4","3,4,6,8,9","4,5","(2,5); (5,7); (7,10)","(5,4); (10,5); (5,4)",5,3,0.17857142857142858,0.10714285714285714,0.5,2,5,0.7142857142857143,0.42857142857142855,101.75,117.625,367.75,186.0,1.75,1074.35
ZJS,147,"Elvis was praised by all his directors, including the highly respected Michael Curtiz, as unfailingly polite and extremely hardworking.",19,"1,1,3,6,7,11,10,11,12,13,14,15,17,17,18,18,3","2,4,5,8,9,10,16",10,"(1,3); (3,6); (7,11); (15,17)","(11,10)",7,1,0.3684210526315789,0.05263157894736842,1.0,3,1,0.3684210526315789,0.23529411764705882,87.0,109.75,138.08333333333334,131.08333333333334,1.4166666666666667,934.125
ZJS,148,"Niels Fabian Helge von Koch (January 25, 1870 - March 11, 1924) was a Swedish mathematician, who gave his name to the famous fractal known as the Koch curve, which was one of the earliest fractal curves to have been described.",41,"1,1,2,4,2,4,5,7,9,12,14,14,15,15,17,15,16,17,23,22,23,15","3,6,8,10,11,13,16,18,19,20,21,22","2,15,22","(2,4); (5,7); (7,9); (9,12); (12,14); (15,17); (17,23)","(4,2); (17,15); (23,22)",12,3,0.2926829268292683,0.07317073170731707,0.3333333333333333,5,2,0.6829268292682927,0.3181818181818182,104.84615384615384,131.84615384615384,212.76923076923077,193.46153846153845,1.6923076923076923,969.0
ZJS,149,"His grandfather, Nils Samuel von Koch (1801-1881), was the Attorney-General (""Justitiekansler"") of Sweden.",13,"1,1,2,3,3,2,3,3,9,10,10,11,12","4,5,6,7,8",2,"(3,9)","(3,2)",5,1,0.38461538461538464,0.07692307692307693,0.0,5,1,0.46153846153846156,0.46153846153846156,90.57142857142857,134.85714285714286,178.85714285714286,178.85714285714286,1.8571428571428572,938.6785714285714
ZJS,150,"John Quincy Adams (July 11, 1767 - February 23, 1848) was the sixth (1825-1829) President of the United States.",19,"0,0,3,5,9,12,11,13,14,14,14,17","1,2,4,6,7,8,10,11,12,15,16",11,"(0,3); (3,5); (5,9); (9,12); (11,13); (14,17)","(12,11)",11,1,0.5789473684210527,0.05263157894736842,1.0,3,1,0.5263157894736842,0.46153846153846156,102.33333333333333,109.0,240.0,145.0,1.4444444444444444,1057.5555555555557
ZJS,151,"The son of President John Adams and First Lady Abigail Smith, he was the only son of a former President to become President himself until George W. Bush took office in 2001.",32,"0,3,4,9,10,14,13,16,18,12,13,13,12,14","1,2,5,6,7,8,11,12,13,14,15,17","12,13","(0,3); (4,9); (10,14); (13,16); (16,18)","(14,13); (13,12)",12,2,0.375,0.0625,1.0,4,1,0.65625,0.3333333333333333,81.45454545454545,81.45454545454545,129.0909090909091,111.27272727272727,1.3636363636363635,1037.787878787879
ZJS,152,"He was Secretary of State in the Cabinet of President James Monroe from 1817 to 1825, a tenure during which he was instrumental in the acquisition of Florida and in keeping the United States from becoming dependent on England.",39,"1,4,6,8,9,9,11,12,14,15,17,19,20,22,23,25,27,26,25,28,2","2,3,5,7,10,13,16,18,21,24,26,27","25,26","(1,4); (4,6); (6,8); (9,11); (12,14); (15,17); (17,19); (20,22); (23,25); (25,27); (25,28)","(27,26); (26,25)",13,2,0.3333333333333333,0.05128205128205128,0.5,2,1,0.5128205128205128,0.22727272727272727,94.15789473684211,97.05263157894737,125.15789473684211,105.26315789473684,1.1578947368421053,899.5526315789474
ZJS,153,Adams's son Charles Francis also pursued a career in politics.,10,"0,3,3,5,7,9,3","1,2,4,6,8",,"(0,3); (3,5); (5,7); (7,9)",,5,0,0.5,0.0,0.0,2,0,0.5,0.2857142857142857,113.4,138.8,171.0,171.0,1.4,915.1333333333332
ZJS,154,"While serving as Secretary of State under President James Monroe, Adams negotiated the Adams-Onis Treaty with Spain and devised the Monroe Doctrine, both of which were of long lasting importance.",30,"0,1,3,3,5,6,7,9,1","2,4,8",,"(1,3); (3,5); (7,9)",,3,0,0.1,0.0,0.0,1,0,0.7666666666666667,0.2,86.42857142857143,100.85714285714286,152.42857142857142,142.42857142857142,1.4285714285714286,832.1666666666666
ZJS,155,"Adams was born in Braintree, Massachusetts in a part of town which eventually became the separate town of Quincy.",19,"0,1,2,4,5,5,8,10,12,12,15,15,15,16,18,1","3,6,7,9,11,13,14,17",,"(2,4); (5,8); (8,10); (10,12); (12,15); (16,18)",,8,0,0.42105263157894735,0.0,0.0,2,0,0.42105263157894735,0.125,110.27272727272727,159.0909090909091,171.36363636363637,171.36363636363637,1.4545454545454546,997.1969696969696
ZJS,156,He acquired his early education in Europe at venerable institutions such as the University of Leiden while accompanying his father while the elder Adams was serving as an American envoy to France and later the Netherlands during the Revolutionary War.,40,"1,1,4,4,6,8,9,9,9,10,13,15,15,16,17,4","2,3,5,7,11,12,14",,"(1,4); (4,6); (6,8); (10,13); (13,15)",,7,0,0.175,0.0,0.0,2,0,0.75,0.125,107.5,164.8,177.7,177.7,1.6,809.0833333333334
ZJS,157,He graduated from Harvard University in 1787 and was elected to Phi Beta Kappa.,14,"1,2,3,4,6,6,11,11,12,1","5,7,8,9,10",,"(4,6); (6,11)",,5,0,0.35714285714285715,0.0,0.0,4,0,0.5,0.3,120.71428571428571,139.28571428571428,160.85714285714286,160.85714285714286,1.4285714285714286,899.6428571428571
ZJS,158,He studied law after which he was admitted to the bar and commenced practice in Boston.,16,"1,2,4,6,8,11,12,12,11,11,12,12,12,12,13,12,12","3,5,7,9,10","11,12","(2,4); (4,6); (6,8); (8,11)","(12,11); (13,12)",5,2,0.3125,0.125,0.0,2,1,0.5,0.4117647058823529,105.0,116.625,214.625,214.625,2.125,884.9895833333333
ZJS,159,"Adams was elected to the U.S. House of Representatives in 1830, one of only two U.S. Presidents to serve in Congress after having been President.",25,"0,2,4,6,8,10,13,15,3","1,3,5,7,9,11,12,14",,"(0,2); (2,4); (4,6); (6,8); (8,10); (10,13); (13,15)",,8,0,0.32,0.0,0.0,2,0,0.64,0.1111111111111111,133.77777777777777,133.77777777777777,149.77777777777777,133.77777777777777,1.0,1088.6666666666667
ZJS,160,"Although Adams lost in both the popular and electoral votes in the Presidential election of 1824, none of the candidates were able to secure a majority of the electoral vote, thereby putting the outcome in the hands of the House of Representatives, which to the surprise of many elected Adams over rival Andrew Jackson.",54,"0,1,4,6,6,7,9,11,12,12,13,15,17,19,20,2","2,3,5,8,10,14,16,18",,"(1,4); (4,6); (7,9); (9,11); (13,15); (15,17); (17,19)",,8,0,0.14814814814814814,0.0,0.0,2,0,0.7407407407407407,0.1875,104.28571428571429,119.0,128.14285714285714,119.0,1.1428571428571428,943.4285714285714
ZJS,161,"Some say this was because of a bargain he struck with Henry Clay, which put Clay into office as his Secretary of State once Adams won.",26,"0,3,4,5,4,7,9,7,9,11,13,14,17,18,22,24,25,13","1,2,5,6,8,10,12,15,16,19,20,21,23","4,7","(0,3); (4,7); (7,9); (9,11); (11,13); (14,17); (18,22); (22,24)","(5,4); (9,7)",13,2,0.5,0.07692307692307693,0.0,3,2,0.4230769230769231,0.3157894736842105,108.0,108.0,143.73333333333332,139.26666666666668,1.2666666666666666,953.9
ZJS,162,"During this time he worked on developing a federal system of roads, canals, bridges, lighthouses, and universities until Jackson, who defeated Adams in the latter's quest for re-election, was sworn in to replace him.",34,"0,0,1,2,4,6,8,7,8,10,10,11,13,13,14,14,16,18,18,19,18,13,14,16,18","3,5,7,9,12,15,17","7,13,18","(2,4); (4,6); (6,8); (8,10); (11,13); (14,16); (16,18)","(8,7); (19,18); (18,13)",7,3,0.20588235294117646,0.08823529411764706,0.3333333333333333,1,5,0.5882352941176471,0.36,100.28571428571429,139.85714285714286,190.92857142857142,187.28571428571428,1.7857142857142858,1185.625
ZJS,163,"President George Washington appointed him Minister to the Netherlands in 1794, Minister to Portugal in 1796 and Minister to Prussia in 1797.",22,"0,0,1,2,3,5,8,8,10,11,13,16,19,21,2","4,6,7,9,12,14,15,17,18,20",,"(3,5); (5,8); (8,10); (11,13); (13,16); (16,19); (19,21)",,10,0,0.45454545454545453,0.0,0.0,2,0,0.45454545454545453,0.2,101.5,120.08333333333333,134.91666666666666,134.91666666666666,1.25,1234.4166666666667
ZJS,164,"While serving abroad, he met Louisa Catherine Johnson, the daughter of an American merchant living abroad.",16,"0,2,3,5,6,9,11,12,13,13,12,15,15,2","1,4,7,8,10,13,14",12,"(0,2); (3,5); (6,9); (9,11); (12,15)","(13,12)",7,1,0.4375,0.0625,0.0,2,1,0.375,0.14285714285714285,99.3,121.2,144.5,144.5,1.4,849.2
ZJS,165,Adams received one electoral vote in the presidential election of 1820.,11,"0,1,3,3,4,6,7,10,4,4,7","2,5,8,9",,"(1,3); (4,6); (7,10)",,4,0,0.36363636363636365,0.0,0.0,2,0,0.36363636363636365,0.18181818181818182,101.57142857142857,114.28571428571429,164.85714285714286,164.85714285714286,1.5714285714285714,948.9761904761906
ZJS,166,"Rather than retire, Adams would go on to win election as a Democratic-Republican to the House of Representatives beginning with the 22nd Congress, serving from March 4, 1831, until his death.",31,"0,1,3,4,6,8,12,12,2","2,5,7,9,10,11",,"(1,3); (4,6); (6,8); (8,12)",,6,0,0.1935483870967742,0.0,0.0,3,0,0.7419354838709677,0.3,96.5,128.75,166.375,138.125,1.25,966.5625
ZJS,167,"Aldous Leonard Huxley (July 26, 1894 - November 22, 1963) was a British writer who emigrated to the United States.",20,"0,0,1,2,4,5,5,7,8,7,7,8,10,12,14,15,15,12,12,13,14,15,15,16,1","3,6,9,11,13","7,12","(2,4); (5,7); (8,10); (10,12); (12,14)","(8,7); (15,12)",5,2,0.25,0.1,0.0,1,3,0.35,0.24,107.3076923076923,125.76923076923077,203.07692307692307,194.23076923076923,1.9230769230769231,1058.5833333333335
ZJS,168,He was a member of the famous Huxley family who produced a number of brilliant scientific minds.,17,"0,3,10,10,12,12,14,6,6,13,15,15,3","1,2,4,5,6,7,8,9,10,11,12,13,14",,"(0,3); (3,10); (10,12); (12,14); (6,13); (13,15)",,17,0,1.0,0.0,0.0,6,0,0.5294117647058824,0.3076923076923077,85.5,144.375,197.5,164.0,1.625,952.125
ZJS,169,"He wrote great novels on dehumanising aspects of scientific progress, most famously Brave New World, and on pacifist themes (e.g. Eyeless in Gaza).",23,"0,2,3,5,5,6,7,9,9,11,12","1,4,8,10",,"(0,2); (3,5); (7,9); (9,11)",,4,0,0.17391304347826086,0.0,0.0,1,0,0.6086956521739131,0.09090909090909091,100.88888888888889,123.55555555555556,123.55555555555556,123.55555555555556,1.2222222222222223,917.5
ZJS,170,Huxley was strongly influenced by F. Matthias Alexander and included him as a character in Eyeless in Gaza.,18,"0,2,2,3,4,7,6,15,13,12,10,17","1,5,6,7,8,9,10,11,12,13,14,15,16","6,10,12,13","(0,2); (4,7); (6,15); (10,17)","(7,6); (15,13); (13,12); (12,10)",17,4,0.9444444444444444,0.2222222222222222,1.0,8,2,0.3333333333333333,0.46153846153846156,92.41666666666667,98.08333333333333,201.83333333333334,98.08333333333333,1.0833333333333333,864.0
ZJS,171,"Huxley was born in Godalming, Surrey, England.",7,"0,1,4,5,6","2,3",,"(1,4)",,2,0,0.2857142857142857,0.0,0.0,2,0,0.2857142857142857,0.16666666666666666,96.8,96.8,131.0,112.0,1.2,833.3
ZJS,172,"He was the son of the writer Leonard Huxley by his first wife, Julia Arnold; and grandson of Thomas Henry Huxley, one of the most important naturalists of the 19th Century, a man known as ""Darwin's Bulldog.""",37,"0,3,5,6,7,8,6","1,2,4",6,"(0,3); (3,5)","(8,6)",3,1,0.08108108108108109,0.02702702702702703,0.0,2,2,0.8108108108108109,0.25,93.57142857142857,93.57142857142857,134.57142857142858,110.0,1.1428571428571428,888.7142857142857
ZJS,173,His brother Julian Huxley was a biologist also noted for his evolutionary theories.,13,"1,2,3,6,7,8,8,8,8,10,11,12,12","4,5,9",,"(3,6); (8,10)",,3,0,0.23076923076923078,0.0,0.0,2,0,0.3076923076923077,0.2857142857142857,88.77777777777777,137.55555555555554,251.55555555555554,153.0,1.5555555555555556,919.9722222222222
ZJS,174,"John Wells (November 17, 1936 - January 11, 1998) was a British actor, writer and satirist.",16,"0,2,4,6,8,11,13","1,3,5,7,9,10,12",,"(0,2); (2,4); (4,6); (6,8); (8,11); (11,13)",,7,0,0.4375,0.0,0.0,2,0,0.5,0.25,107.0,107.0,115.625,107.0,1.0,878.0
ZJS,175,"Wells began his television career as a writer on That Was The Week That Was, the 1960s weekly satire show that launched the careers of David Frost and Millicent Martin, among others.",32,"0,1,8,10,11,12,13,3,13,15,8,9,4","2,3,4,5,6,7,9,14",4,"(1,8); (8,10); (13,15)","(9,4)",8,1,0.25,0.03125,1.0,6,5,0.65625,0.2857142857142857,90.27272727272727,90.27272727272727,161.0909090909091,115.45454545454545,1.2727272727272727,946.4090909090909
ZJS,176,"Besides making cameo appearances in films such as Casino Royale (1967), television dramas like Casanova (1987), and comedy shows like Yes, Minister, he also wrote television scripts and screenplays, notably Princess Caraboo (1994).",33,"0,0,1,3,3,6,7,9,10,11,13,14,14,17,18,17,18,21,21,24,25,25,0","2,4,5,8,12,15,16,19,20,22,23",17,"(1,3); (3,6); (7,9); (11,13); (14,17); (18,21); (21,24)","(18,17)",11,1,0.3333333333333333,0.030303030303030304,0.0,2,1,0.5454545454545454,0.21739130434782608,99.6,136.33333333333334,164.2,164.2,1.5333333333333334,889.0222222222222
ZJS,177,In 1997 he appeared in the BBC situation comedy Chalk.,10,"0,2,3,5,7,8,9,3","1,4,6",,"(0,2); (3,5); (5,7)",,3,0,0.3,0.0,0.0,1,0,0.3,0.125,96.14285714285714,96.14285714285714,113.14285714285714,113.14285714285714,1.1428571428571428,885.7857142857143
ZJS,178,Bartholomew J. Simpson (voiced by Nancy Cartwright) is a fictional character featured in the animated television series The Simpsons.,19,"0,0,2,3,6,6","1,4,5",,"(0,2); (3,6)",,3,0,0.15789473684210525,0.0,0.0,2,0,0.7894736842105263,0.0,108.25,172.0,172.0,172.0,1.5,815.625
ZJS,179,He is the 10-year-old son of Homer and Marge Simpson and older brother of Lisa and Maggie.,17,"0,3,8,11,11,12,15,12","1,2,4,5,6,7,9,10,13,14",12,"(0,3); (3,8); (8,11); (12,15)","(15,12)",10,1,0.5882352941176471,0.058823529411764705,0.0,4,3,0.5882352941176471,0.3333333333333333,81.0,92.85714285714286,116.14285714285714,107.28571428571429,1.2857142857142858,1016.3571428571429
ZJS,180,"Roy Stanley Geiger (January 25, 1885 - January 23, 1947) was a United States Marine Corps general who, during World War II, became the first Marine to lead an army.",30,"1,2,3,7,10,13,14,12,14","4,5,6,8,9,11,12",12,"(3,7); (7,10); (10,13)","(14,12)",7,1,0.23333333333333334,0.03333333333333333,1.0,3,2,0.7333333333333333,0.2222222222222222,96.5,96.5,128.625,118.25,1.125,1056.6875
ZJS,181,"Geiger was born in Middleburg, Florida.",6,"0,0,2",1,,"(0,2)",,1,0,0.16666666666666666,0.0,0.0,1,0,0.6666666666666666,0.3333333333333333,103.5,132.5,132.5,132.5,1.5,1053.5
ZJS,182,"He attended Florida State Normal and Industrial College and received an LLB from Stetson University, after which he enlisted in the Marine Corps.",23,"0,1,3,5","2,4",,"(1,3); (3,5)",,2,0,0.08695652173913043,0.0,0.0,1,0,0.782608695652174,0.5,95.8,95.8,188.6,116.6,1.2,813.9
ZJS,183,He was commissioned a Second Lieutenant on 5 February 1909.,10,"0,2,2,4,2,4,5,7","1,3,6",2,"(0,2); (2,4); (5,7)","(4,2)",3,1,0.3,0.1,0.0,1,2,0.5,0.3,102.0,112.8,197.8,173.8,2.0,1023.0200000000001
ZJS,184,"Following attendance at the Marine Officers' School at Port Royal, South Carolina, he served as a member of the Marine detachments aboard Wisconsin (BB-9) and Delaware (BB-28).",27,"0,0,2,4,5,7","1,3,6",,"(0,2); (2,4); (5,7)",,3,0,0.1111111111111111,0.0,0.0,1,0,0.8148148148148148,0.16666666666666666,76.8,91.8,91.8,91.8,1.2,950.3
ZJS,185,For his part in this action he was awarded the Distinguished Service Medal.,13,"0,3,6,8,11,12,5","1,2,4,5,7,9,10",,"(0,3); (3,6); (6,8); (8,11)",,7,0,0.5384615384615384,0.0,0.0,2,0,0.38461538461538464,0.25,103.875,103.875,132.5,103.875,1.0,913.75
ZJS,186,"Geiger commanded the III Amphibious Corps in the battle of Okinawa, where he assumed command of the U.S. Tenth Army upon the combat death of Lt. General Simon Bolivar Buckner, Commanding General of the Tenth Army.",36,"0,0,1,1,3,4,10,12","2,5,6,7,8,9,11",,"(1,3); (4,10); (10,12)",,7,0,0.19444444444444445,0.0,0.0,5,0,0.8333333333333334,0.25,102.66666666666667,138.83333333333334,138.83333333333334,138.83333333333334,1.3333333333333333,930.6666666666666
ZJS,187,Geiger led the Tenth Army until relieved by General Joseph Stilwell.,11,"0,0,1,4,3,6,8,9,10","2,3,4,5,7",3,"(1,4); (3,6); (6,8)","(4,3)",5,1,0.45454545454545453,0.09090909090909091,1.0,2,1,0.2727272727272727,0.3333333333333333,111.625,123.5,134.5,123.5,1.125,848.4375
ZJS,188,"Culbert Levy Olson (November 7, 1876 - April 13, 1962) was a U.S. politician.",14,"0,1,2,3,3,4,7,5,8,12,11,2","5,6,7,9,10,11","5,11","(4,7); (5,8); (8,12)","(7,5); (12,11)",7,2,0.5,0.14285714285714285,1.0,3,2,0.2857142857142857,0.23076923076923078,109.8,116.9,261.1,139.7,1.3,839.9
ZJS,189,"He was born in Fillmore, Utah to Daniel Olson and his wife Delilah King.",14,"0,2,2,4,12,13,4","1,3,5,6,7,8,9,10,11",,"(0,2); (2,4); (4,12)",,9,0,0.6428571428571429,0.0,0.0,7,0,0.6428571428571429,0.5,86.2,86.2,170.2,145.8,1.6,857.6333333333332
ZJS,190,"He served as the Governor of California from January 2, 1939 until January 4, 1943, and was the only Democrat elected to that office between 1898 and 1954.",28,"0,3,4,6,6,7,8,10,11,3","1,2,5,9",,"(0,3); (4,6); (8,10)",,4,0,0.14285714285714285,0.0,0.0,2,0,0.6785714285714286,0.2727272727272727,99.88888888888889,110.0,127.55555555555556,120.77777777777777,1.2222222222222223,880.5
ZJS,191,In his 1942 bid for re-election he was defeated by state Attorney General Earl Warren.,15,"1,1,4,7,8,9,11,11,14","2,3,5,6,10,12,13",,"(1,4); (4,7); (9,11); (11,14)",,7,0,0.4666666666666667,0.0,0.0,2,0,0.5333333333333333,0.2222222222222222,93.57142857142857,114.0,114.0,114.0,1.2857142857142858,889.3571428571429
ZJS,192,He later became president of the United Secularists of America.,10,"0,2,2,3,6,7,9,9","1,4,5,8",,"(0,2); (3,6); (7,9)",,4,0,0.4,0.0,0.0,2,0,0.3,0.3333333333333333,103.57142857142857,134.42857142857142,145.14285714285714,134.42857142857142,1.2857142857142858,905.5
ZJS,193,"He died in Los Angeles at age 85, and was buried in Forest Lawn Memorial Park Cemetery in suburban Glendale.",20,"0,3,4,6,8,9,8,10,12","1,2,5,7,9,11",8,"(0,3); (4,6); (6,8); (8,10); (10,12)","(9,8)",6,1,0.3,0.05,0.0,2,1,0.6,0.1,125.125,125.125,310.5,175.875,1.25,947.75
ZJS,194,"Prescott Sheldon Bush (May 15, 1895, Columbus, Ohio - October 8, 1972, New York City) was a U.S.",18,"0,1,2,4,6,6,9,9,10,12,15,17,1","3,5,7,8,11,13,14,16",,"(2,4); (4,6); (6,9); (10,12); (12,15); (15,17)",,8,0,0.4444444444444444,0.0,0.0,2,0,0.4444444444444444,0.15384615384615385,91.3,108.1,123.3,123.3,1.3,842.5
ZJS,195,Senator from Connecticut and a Wall Street executive banker with Brown Brothers Harriman.,13,"0,0,2,2,0,0,1,2,3,5,5,7,12","1,4,6,8,9,10,11",0,"(0,2); (3,5); (5,7); (7,12)","(2,0)",7,1,0.5384615384615384,0.07692307692307693,0.0,4,2,0.46153846153846156,0.3076923076923077,102.71428571428571,146.0,195.42857142857142,178.28571428571428,1.8571428571428572,868.1428571428571
ZJS,196,"His son, George H. W. Bush, and grandson George W. Bush would both later become U.S. presidents.",17,"0,2,2,5,7,5,7,7,9,11,12,11,13,14,1","1,3,4,6,8,10,12","5,11","(0,2); (2,5); (5,7); (7,9); (9,11); (11,13)","(7,5); (12,11)",7,2,0.4117647058823529,0.11764705882352941,0.0,2,2,0.4117647058823529,0.3333333333333333,97.5,104.9,163.6,148.1,1.5,966.4166666666666
ZJS,197,His father was Samuel Prescott Bush and his mother was Flora Sheldon.,12,"2,3,4,4,4,7,10,11","5,6,8,9",,"(4,7); (7,10)",,4,0,0.3333333333333333,0.0,0.0,2,0,0.5,0.125,97.16666666666667,139.16666666666666,139.16666666666666,139.16666666666666,1.3333333333333333,894.1666666666666
ZJS,198,"He married Dorothy Walker, George Herbert Walker's daughter, on August 6, 1921, and together they had five children, including George H. W. Bush (named after George Herbert Walker), Prescott Bush, Jr., Jonathan Bush, William Bush, and Nancy Bush.",38,"0,2,3,4,5,6,9,9","1,7,8",,"(0,2); (6,9)",,3,0,0.07894736842105263,0.0,0.0,2,0,0.8157894736842105,0.125,106.85714285714286,131.85714285714286,131.85714285714286,131.85714285714286,1.1428571428571428,823.7142857142857
ZJS,199,"Among those attending the Kennebunkport, Maine wedding ceremony were Isabel Stillman Rockefeller (daughter of Percy Rockefeller), Hope Lincoln, Mary Keck, Elizabeth Trotter, Martha Pittman, Ruth Lionberger, Nancy Walker, George Herbert Walker, Knight Wooley, Frank Shephard, John Shepley, Richard Bentley, Henry Isham, William Potter Wear, and Henry Fenimore Cooper.",48,"0,0,2,1,3,4,4,6,0,2,4,4,15,15,10,12,23,25,26,27,29,28,30","1,2,5,6,7,8,9,10,11,12,13,14,15,16,17,18,19,20,21,22,24,28,29","1,10,28","(0,2); (1,3); (4,6); (4,15); (10,12); (12,23); (23,25); (27,29); (28,30)","(2,1); (15,10); (29,28)",27,3,0.5625,0.0625,1.0,10,5,0.6666666666666666,0.21739130434782608,98.5,112.125,165.125,136.6875,1.4375,896.046875
ZJS,200,"His father-in-law, George Herbert Walker, and Walker's partner, Averell Harriman, brought him on as an officer in their investment banking firm, W. A. Harriman and Company in 1926.",28,"1,1,1,2,3,4,6,7,7,8,10,11,11,9,9,10,9,15,14,18,18,19,20,23,22,25,25,10,3","5,9,10,11,12,13,14,15,16,17,21,22,23,24","9,14,22","(4,6); (8,10); (9,15); (14,18); (20,23); (22,25)","(11,9); (10,9); (15,14); (23,22)",14,4,0.5,0.14285714285714285,1.0,5,2,0.35714285714285715,0.3793103448275862,89.94444444444444,126.11111111111111,169.0,151.5,1.6111111111111112,1029.9722222222222
ZJS,201,"When it merged with Brown Brothers in 1931, he became a partner in the new firm of Brown Brothers Harriman.",20,"0,3,4,5,7,9,11,11,14,13,15,17,18,19,19","1,2,6,8,10,12,13,14,16",13,"(0,3); (5,7); (7,9); (9,11); (11,14); (13,15); (15,17)","(14,13)",9,1,0.45,0.05,1.0,2,1,0.35,0.2,94.84615384615384,106.15384615384616,113.92307692307692,106.15384615384616,1.1538461538461537,937.6538461538462
ZJS,202,"Bush called it ""my good fortune"" to work with close friends, including Yale classmates (and members of the Skull and Bones) E. Roland Harriman, Knight Woolley, and Ellery James, as well as Robert A. Lovett and Thomas McCance.",38,"1,4,5,7,8,10,11,12,13,14,4","2,3,6,9",,"(1,4); (5,7); (8,10)",,4,0,0.10526315789473684,0.0,0.0,2,0,0.7105263157894737,0.16666666666666666,101.36363636363636,101.36363636363636,121.54545454545455,112.18181818181819,1.0909090909090908,882.6818181818181
ZJS,203,"He maintained homes in Long Island, New York and Greenwich, Connecticut; the family compound at Kennebunkport, Maine; a 10,000 acre (40 km?) plantation in South Carolina; and an island retreat in Florida.",32,"1,1,2,4,2,6,7,10,10,11,12,13,13,16,15,15,20,22,16,18,20,19,21,24,24,23,24,26,25,29,28,31","3,4,5,8,9,14,15,16,17,18,19,20,21,22,23,25,26,27,28,29,30","2,15,19,23,25,28","(2,4); (2,6); (7,10); (13,16); (15,20); (20,22); (16,18); (19,21); (21,24); (24,26); (25,29); (28,31)","(4,2); (16,15); (20,19); (24,23); (26,25); (29,28)",23,6,0.71875,0.1875,0.8333333333333334,4,2,0.28125,0.375,98.8695652173913,114.17391304347827,162.3913043478261,128.7391304347826,1.391304347826087,884.949275362319
ZJS,204,"After graduation, he served as a field artillery captain with the American Expeditionary Forces (1917-1919) during World War I.",19,"0,2,3,6,13,14,15,17,12","1,4,5,7,8,9,10,11,12,16",12,"(0,2); (3,6); (6,13); (15,17)","(17,12)",10,1,0.5263157894736842,0.05263157894736842,1.0,6,5,0.5263157894736842,0.2,96.33333333333333,96.33333333333333,145.77777777777777,106.11111111111111,1.1111111111111112,754.2222222222222
ZJS,205,He received training in intelligence at Verdun and was briefly assigned to a staff of French officers.,17,"1,4,4,6,8,9,10,13,10,13,16,12","2,3,5,7,11,12,14,15","10,12","(1,4); (4,6); (6,8); (10,13); (13,16)","(13,10); (16,12)",8,2,0.47058823529411764,0.11764705882352941,0.5,2,4,0.47058823529411764,0.3333333333333333,138.0,148.0,194.44444444444446,177.33333333333334,1.3333333333333333,820.5555555555555
ZJS,206,"Alternating between intelligence and artillery, Bush came under fire in the Meuse-Argonne offensive.",13,"0,0,1,2,4,4,5,7,9,11,11,12,11,11,11,12","3,6,8,10",11,"(2,4); (5,7); (7,9); (9,11)","(12,11)",4,1,0.3076923076923077,0.07692307692307693,0.0,1,1,0.3076923076923077,0.125,107.77777777777777,133.77777777777777,175.11111111111111,175.11111111111111,1.7777777777777777,864.1666666666666
ZJS,207,"The Bushes moved to Columbus, Ohio, in 1923, where Bush worked for the Hupp Products Company, where his business efforts generally failed.",22,"0,2,1,4,5,8,8,10,11,13,14,15","1,2,3,6,7,9,12",1,"(0,2); (1,4); (5,8); (8,10); (11,13)","(2,1)",7,1,0.3181818181818182,0.045454545454545456,1.0,2,1,0.5,0.16666666666666666,122.45454545454545,128.0909090909091,137.45454545454547,128.0909090909091,1.0909090909090908,853.4545454545455
ZJS,208,"He left in November 1923 to become president of sales for Stedman Products of South Braintree, Massachusetts.",17,"2,3,4,6,7,7,9,11,12,13,12,14,15,16,16","5,8,10,13",12,"(4,6); (7,9); (9,11); (12,14)","(13,12)",4,1,0.23529411764705882,0.058823529411764705,0.0,1,1,0.29411764705882354,0.2,143.91666666666666,158.5,165.58333333333334,165.58333333333334,1.25,953.9166666666666
ZJS,209,"In 1925, he joined the United States Rubber Company (based in New York City) as manager of the foreign division, and moved to Greenwich, Connecticut.",25,"1,1,4,5,6,7,8,11,11,12,15,16,18,4","2,3,9,10,13,14,17",,"(1,4); (8,11); (12,15); (16,18)",,7,0,0.28,0.0,0.0,2,0,0.56,0.2857142857142857,110.27272727272727,123.18181818181819,135.0909090909091,135.0909090909091,1.2727272727272727,867.0
ZJS,210,"In 1952 he was elected to the U.S. Senate (Republican, Connecticut), defeating Abraham Ribicoff for the vacancy caused by the death of James O'Brien McMahon.",25,"1,3,4,7,9,11,12,13,14,15,16,20,19,21,23,12","2,5,6,8,10,17,18,19,20,22",19,"(1,3); (4,7); (7,9); (9,11); (16,20); (19,21); (21,23)","(20,19)",10,1,0.4,0.04,1.0,3,1,0.4,0.1875,100.06666666666666,100.06666666666666,113.2,107.66666666666667,1.0666666666666667,942.0
ZJS,211,"He served until January 1963, and was a staunch supporter of President Dwight D. Eisenhower.",15,"1,2,3,4,5,6,14,12,14,12,13","7,8,9,10,11,12,13",12,"(6,14)","(14,12); (14,12)",7,2,0.4666666666666667,0.13333333333333333,1.0,7,2,0.4,0.18181818181818182,114.33333333333333,114.33333333333333,177.55555555555554,144.88888888888889,1.2222222222222223,923.3888888888889
ZJS,212,"As a managing partner of Brown Brothers Harriman, he sat on several corporate boards, including the following:",17,"1,2,3,5,6,6,7,8,11,12,14","4,9,10,13",,"(3,5); (8,11); (12,14)",,4,0,0.23529411764705882,0.0,0.0,2,0,0.4117647058823529,0.09090909090909091,117.2,125.3,125.3,125.3,1.1,953.1
ZJS,213,"Bush was born in Columbus, Ohio to Flora Sheldon and Samuel Prescott Bush, a steel company president and later a U.S. government official in charge of coordination and assistance to major weapons contractors during World War I.",37,"1,4,5,8,10,11,12,15,15,15,16,16,16","2,3,6,7,9,13,14",,"(1,4); (5,8); (8,10); (12,15)",,7,0,0.1891891891891892,0.0,0.0,2,0,0.7567567567567568,0.15384615384615385,133.44444444444446,190.55555555555554,190.55555555555554,190.55555555555554,1.4444444444444444,896.4074074074074
ZJS,214,"After attending the Douglas School in Columbus and St. George's School in Newport, Rhode Island as well as the famous Stonyhurst College in England (where he designed the boys' golf course still in use today) from 1908 to 1913, Bush entered Yale University.",43,3,,,,,0,0,0.0,0.0,0.0,0,0,0.5348837209302325,0.19230769230769232,110.7,123.1,165.75,144.5,1.3,811.1666666666667
ZJS,215,"There, he played varsity golf, football, and baseball, and was president of the Yale Glee Club.",16,3,,,,,0,0,0.0,0.0,0.0,0,0,0.6875,0.0,102.8,102.8,129.0,102.8,1.0,802.0
ZJS,216,"On May 18, 1916 he was ""tapped"" to join the Skull and Bones society at Yale.",16,"2,2,4,6,5,7,8,10,11,14,13,6","3,5,6,9,12,13","5,13","(2,4); (4,6); (5,7); (8,10); (11,14)","(6,5); (14,13)",6,2,0.375,0.125,1.0,2,1,0.375,0.3333333333333333,79.9,85.4,124.5,95.8,1.2,807.5
ZJS,217,"Other new ""Bonesmen"" that year were E. Roland Harriman, H. S. Fenimore Cooper (grandson of James Fenimore Cooper), Knight Wooley (son of Ulysses Grant Wooley), Ellery James, and Henry Neil Mallon.",31,2,,,,,0,0,0.0,0.0,0.0,0,0,0.8064516129032258,0.18181818181818182,110.83333333333333,127.0,223.33333333333334,184.16666666666666,1.8333333333333333,842.9722222222223
ZJS,218,"He was a member of the Executive Committee of the United States Golf Association (USGA) from 1928-1935, serving successively as Secretary, Vice President and President.",25,"12,13,14,16,17,18,18,20,20","15,19",,"(14,16); (18,20)",,2,0,0.08,0.0,0.0,1,0,0.72,0.2222222222222222,112.28571428571429,137.0,137.0,137.0,1.2857142857142858,868.2857142857143
ZJS,219,"After his discharge in 1919, Bush went to work for the Simmons Hardware Company in St. Louis, Missouri.",18,"2,15,16,17","3,4,5,6,7,8,9,10,11,12,13,14",,"(2,15)",,12,0,0.6666666666666666,0.0,0.0,12,0,0.7777777777777778,0.0,87.75,87.75,87.75,87.75,1.0,856.0
ZJS,220,"From 1947 to 1950 he served as Connecticut Republican finance chairman, and was the Republican candidate for the United States Senate in 1950, losing to Senator William Benton by only 1,000 votes.",32,"10,10,13,14,15,15,15,10,10,11,14,14,15","11,12",10,"(10,13)","(15,10)",2,1,0.0625,0.03125,0.0,2,5,0.84375,0.15384615384615385,101.2,164.0,321.4,299.8,2.6,830.0
ZJS,221,"The following year, Bush was Connecticut chairman of the United Negro College Fund, and was one of the UNCF's earliest supporters.",21,"1,11,13,12,15,18,20,20,20,12","2,3,4,5,6,7,8,9,10,12,13,14,16,17,19",12,"(1,11); (11,13); (12,15); (15,18); (18,20)","(13,12)",15,1,0.7142857142857143,0.047619047619047616,1.0,9,1,0.6666666666666666,0.3,105.57142857142857,124.71428571428571,150.28571428571428,139.42857142857142,1.4285714285714286,798.047619047619
ZJS,222,"Talia Shire (born April 25, 1946) is an American actress of Italian descent.",13,12,,,,,0,0,0.0,0.0,0.0,0,0,0.9230769230769231,0.0,108.0,108.0,108.0,108.0,1.0,846.0
ZJS,223,She is the mother of actors Jason and Robert Schwartzman and aunt to actor Nicolas Cage.,16,"2,13,12,15,14","3,4,5,6,7,8,9,10,11,12,13,14","12,14","(2,13); (12,15)","(13,12); (15,14)",12,2,0.75,0.125,1.0,10,1,0.625,0.5,140.33333333333334,140.33333333333334,222.16666666666666,140.33333333333334,1.0,841.6666666666666
ZJS,224,"Born Talia Rose Coppola in Lake Success, Long Island, New York, she is the sister of director and producer Francis Ford Coppola.",22,"11,13,16,15,17,18,19,11,14,16,12,14,14,16","12,13,14,15,16","12,15","(11,13); (13,16); (15,17); (11,14)","(16,15); (16,12)",6,2,0.2727272727272727,0.09090909090909091,1.0,2,4,0.5909090909090909,0.21428571428571427,119.11111111111111,119.11111111111111,230.22222222222223,181.88888888888889,1.5555555555555556,874.5925925925926
ZJS,225,"Shire became famous for her roles as the wife of boxer Rocky Balboa in the Rocky movies, and for her role in The Godfather and its sequels.",27,2,,,,,0,0,0.0,0.0,0.0,0,0,0.6296296296296297,0.23529411764705882,104.8,143.2,215.5,174.9,1.7,1037.2083333333333
ZJS,226,"She was nominated for the Academy Award for Best Supporting Actress for The Godfather, Part II and for the Best Actress in a Leading Role for Rocky.",27,"0,2,5,5,6,8,1,10,11,13,14,17,18,20,20,22,23,3","1,2,3,4,5,6,7,8,9,12,15,16,19,21",,"(0,2); (2,5); (6,8); (1,10); (11,13); (14,17); (18,20); (20,22)",,17,0,0.6296296296296297,0.0,0.0,8,0,0.4074074074074074,0.2222222222222222,103.5625,112.25,125.75,112.25,1.125,965.0625
ZJS,227,"Margaret Tyndal Winthrop (February 23, 1880 - July 7, 1970) was the maternal grandmother of U.S. 111Senator John Kerry, the Presidential candidate.",22,"0,0,1,2,3,4,8,10,13,15,16,19,20,20,21,1","5,6,7,9,11,12,14,17,18",,"(4,8); (8,10); (10,13); (13,15); (16,19)",,9,0,0.4090909090909091,0.0,0.0,3,0,0.4090909090909091,0.25,91.23076923076923,100.3076923076923,111.76923076923077,111.76923076923077,1.2307692307692308,960.2692307692307
ZJS,228,"(Winthrop's daughter, Rosemary Isabel Forbes, was Kerry's mother.)",8,"0,0,1,1,6,6,5,6,6,7,1","2,3,4,5",5,"(1,6)","(6,5)",4,1,0.5,0.125,1.0,4,1,0.375,0.36363636363636365,123.2,176.8,267.4,233.6,2.2,968.55
ZJS,229,"Winthrop died at St. Briac Sur Mer, Ille-et-Vilaine, France.",9,"0,1,4,6,7,8,4","2,3,5",4,"(1,4); (4,6)","(8,4)",3,1,0.3333333333333333,0.1111111111111111,0.0,2,4,0.3333333333333333,0.14285714285714285,124.0,124.0,152.16666666666666,152.16666666666666,1.1666666666666667,951.1666666666666
ZJS,230,"Other notable figures in this branch of the family tree are Franklin D. Roosevelt (Kerry's 4th cousin twice removed), Jane Addams, Calvin Coolidge (Kerry's 8th cousin once removed), and ironically, George H.W. Bush (Kerry's 9th cousin once removed), and George W. Bush (Kerry's 9th cousin, twice removed).",47,"0,1,2,3,5,8,6,10,2","4,6,7,8,9",6,"(3,5); (5,8); (6,10)","(8,6)",6,1,0.1276595744680851,0.02127659574468085,1.0,3,2,0.8297872340425532,0.2222222222222222,108.75,108.75,138.625,124.75,1.125,916.375
ZJS,231,"[1] She also has some relation to all the royal houses of Europe, including such figures as Henry III, Henry II, Henry I, Richard the Lionheart, and Russian czar Ivan the Terrible.",32,"1,2,3,5,5,8,10,13,21,21,24,25,13","4,6,7,9,11,12,14,15,16,17,18,19,20,22,23",,"(3,5); (5,8); (8,10); (10,13); (13,21); (21,24)",,15,0,0.46875,0.0,0.0,7,0,0.6875,0.23076923076923078,90.1,109.7,124.5,124.5,1.3,901.4
ZJS,232,She was born in Massachusetts and raised in Boston.,9,"0,2,4,4,5,6,8,3","1,3,7",3,"(0,2); (2,4); (6,8)","(8,3)",3,1,0.3333333333333333,0.1111111111111111,1.0,1,5,0.2222222222222222,0.125,97.71428571428571,112.42857142857143,133.85714285714286,112.42857142857143,1.1428571428571428,795.9285714285714
ZJS,233,"Her grandfather was Robert Charles Winthrop, the conservative Whig Speaker of the House and a U.S. Senator",17,"0,1,3,5,5,1","2,4",1,"(1,3); (3,5)","(5,1)",2,1,0.11764705882352941,0.058823529411764705,0.0,1,4,0.7647058823529411,0.16666666666666666,98.0,117.25,147.5,147.5,1.5,843.875
ZJS,234,"Her ancestors include James Bowdoin, former governor of Maine, and John Winthrop, the first governor of the Massachusetts Bay Colony.",20,"0,2,4,5,6,6,8,8,9,11,11,14","1,3,7,10,12,13",,"(0,2); (2,4); (6,8); (9,11); (11,14)",,6,0,0.3,0.0,0.0,2,0,0.5,0.3076923076923077,99.2,123.9,139.1,123.9,1.3,888.45
ZJS,235,"David Manners (April 30, 1901 - December 23, 1998) was a Canadian film actor.",14,"0,1,4,3,6,7,6,8,9,11,11,13","2,3,4,5,7,10,12","3,6","(1,4); (3,6); (6,8); (9,11); (11,13)","(4,3); (7,6)",7,2,0.5,0.14285714285714285,0.5,2,1,0.2857142857142857,0.23076923076923078,109.2,109.2,327.4,182.9,1.3,907.9833333333332
ZJS,236,"Born Rauff de Rither Duan Acklom in Halifax, Nova Scotia, Manners came to Hollywood at the beginning of the talking films revolution after studying acting with Eva Le Gallienne, and acting on stage with Helen Hayes.",36,"0,1,4,5,9,9,10,10,11,5","2,3,6,7,8",,"(1,4); (5,9)",,5,0,0.1388888888888889,0.0,0.0,3,0,0.8055555555555556,0.2727272727272727,90.0,106.57142857142857,151.28571428571428,140.14285714285714,1.5714285714285714,884.2142857142857
ZJS,237,"In 1940, he officially changed his name to David Joseph Manners and became a naturalized citizen of the United States.",20,"0,1,3,4,5,9,10,12,13,15,18,18,4","2,6,7,8,11,14,16,17",,"(1,3); (5,9); (10,12); (13,15); (15,18)",,8,0,0.4,0.0,0.0,3,0,0.45,0.21428571428571427,101.27272727272727,111.18181818181819,137.8181818181818,129.9090909090909,1.2727272727272727,921.7272727272727
ZJS,238,"He was ""discovered"" by the film director James Whale, and within a few years, he was a popular leading man, playing opposite such up and coming actresses as Katharine Hepburn, Gloria Stuart, Myrna Loy, Loretta Young, and Ann Dvorak, and he was paired several times with Helen Chandler.",48,"1,2,3,6,7,8,10,12,15,17,18,18,19,20,13","4,5,9,11,13,14,16",,"(3,6); (8,10); (10,12); (12,15); (15,17)",,7,0,0.14583333333333334,0.0,0.0,2,0,0.7083333333333334,0.2,118.57142857142857,127.21428571428571,134.28571428571428,127.21428571428571,1.0714285714285714,964.3214285714286
ZJS,239,"His most widely seen role was as Jonathan Harker in Tod Browning's Dracula (1931), though he commented throughout his life that he had never watched the film and did not intend to.",32,"1,2,4,7,8,8,9,11,11,13,13,15,16,17,19,22,24,24,26,28","3,5,6,10,12,14,18,20,21,23,25,27",,"(2,4); (4,7); (9,11); (11,13); (13,15); (17,19); (19,22); (22,24); (24,26); (26,28)",,12,0,0.375,0.0,0.0,2,0,0.5,0.19047619047619047,98.6875,119.5,144.5625,126.75,1.3125,1228.59375
ZJS,240,"He died in Santa Barbara, California.",6,"1,1,3,4,4,5,3",2,3,"(1,3)","(5,3)",1,1,0.16666666666666666,0.16666666666666666,0.0,1,2,0.3333333333333333,0.125,99.0,116.75,265.75,192.75,2.0,924.4583333333334
ZJS,241,"Elliott Roosevelt (September 23, 1910 - October 27, 1990), World War II hero and an author, was the son of President Franklin Delano Roosevelt and his wife Eleanor Roosevelt.",29,"1,2,3",,,,,0,0,0.0,0.0,0.0,0,0,0.896551724137931,0.0,140.0,140.0,140.0,140.0,1.0,916.6666666666666
ZJS,242,"During World War II, he accompanied FDR as a military aide to the Casablanca meeting of 1943 and the subsequent Cairo and Tehran Conferences.",24,"0,1,0,1,12,13,13,15,17,19,19,22,22,23,23,23,2","2,3,4,5,6,7,8,9,10,11,14,16,18,20,21",0,"(1,12); (13,15); (15,17); (17,19); (19,22)","(1,0)",15,1,0.625,0.041666666666666664,0.0,10,1,0.5833333333333334,0.35294117647058826,101.0,159.0,188.9,176.1,1.7,977.05
ZJS,243,"As an Army photo reconnaissance pilot, he and the men in his unit also played a key role in the D-Day landings.",22,"2,12,16,19,20,21,21,9,14","3,4,5,6,7,8,9,10,11,12,13,14,15,17,18",,"(2,12); (12,16); (16,19); (9,14)",,18,0,0.8181818181818182,0.0,0.0,9,0,0.6363636363636364,0.1111111111111111,95.875,103.25,126.875,103.25,1.125,873.375
ZJS,244,Colonel Elliot Roosevelt was a pilot in the United States Army Air Force (USAAF) during World War II.,18,"0,1,2,2,2,3,6,8,9,11,13,14,15,16,2","4,5,7,10,12",,"(3,6); (6,8); (9,11); (11,13)",,5,0,0.2777777777777778,0.0,0.0,2,0,0.3333333333333333,0.13333333333333333,118.58333333333333,132.83333333333334,143.08333333333334,143.08333333333334,1.25,913.9375
ZJS,245,He flew a P-38 Lightning in the North African campaign of November 1942.,13,"1,4,3,11,8,11,11","2,3,4,5,6,7,8,9,10","3,8","(1,4); (3,11)","(4,3); (11,8)",9,2,0.6923076923076923,0.15384615384615385,1.0,7,3,0.5384615384615384,0.375,98.33333333333333,98.33333333333333,177.5,129.16666666666666,1.3333333333333333,1041.5555555555554
ZJS,246,On 28 February 1934 he and Anthony Fokker each received an excessive half a million dollars for selling fifty military planes to the Soviet government.,25,"6,18,19,11,12,13","7,8,9,10,11,12,13,14,15,16,17",,"(6,18)",,11,0,0.44,0.0,0.0,11,0,0.68,0.16666666666666666,97.25,97.25,183.75,156.5,1.5,1113.125
ZJS,247,"Elliot and Fokker were able to receive such a large commission because Elliot had close connections to the U.S. Export-Import Bank through his father, Franklin Delano Roosevelt.",27,"1,11,12,12,14,15,15,19,19,20,21,21,23,24,25,24,19,19,19,21,11,19,20,21,23,24","2,3,4,5,6,7,8,9,10,13,16,17,18,22","19,24","(1,11); (12,14); (15,19); (21,23)","(25,24); (24,19)",14,2,0.5185185185185185,0.07407407407407407,0.0,9,5,0.5925925925925926,0.34615384615384615,105.72727272727273,135.72727272727272,245.0,245.0,2.3636363636363638,916.3560606060607
ZJS,248,Stella Dorothea Gibbons (5 January 1902�19 December 1989) was an English novelist and poet.,14,"0,0,11,13","1,2,3,4,5,6,7,8,9,10,12",,"(0,11); (11,13)",,11,0,0.7857142857142857,0.0,0.0,10,0,0.7142857142857143,0.4,101.0,122.5,168.5,122.5,1.25,898.375
ZJS,249,Her works include Cold Comfort Farm.,6,"5,5,5",,,,,0,0,0.0,0.0,0.0,0,0,0.8333333333333334,0.6666666666666666,170.0,524.0,524.0,524.0,3.0,1198.3333333333333
ZJS,250,Keynes was educated at Oundle School.,6,"0,0,1,4,4","2,3",,"(1,4)",,2,0,0.3333333333333333,0.0,0.0,2,0,0.3333333333333333,0.3333333333333333,107.75,151.75,231.0,151.75,1.5,1203.5
ZJS,251,"Keynes (pronounced ""Canes"") was born in London, the eldest son of Geoffrey Keynes, and thus the nephew of the economist John Maynard Keynes; and Geoffrey Keynes' wife Elizabeth (nee Darwin), the grand-daughter of Charles Darwin, and thus the great-grandson of Charles Darwin (see Darwin -- Wedgwood family).",47,"0,2,2,4,3,6,8,9,11,12,14,16,19,27,26,28,31,31,33,35,38,37,38,40,41,43,12","1,3,4,5,7,10,13,15,17,18,20,21,22,23,24,25,26,27,29,30,32,34,36,37,39,42","3,26,37","(0,2); (2,4); (3,6); (6,8); (9,11); (12,14); (14,16); (16,19); (19,27); (26,28); (28,31); (31,33); (33,35); (35,38); (38,40); (41,43)","(4,3); (27,26); (38,37)",26,3,0.5531914893617021,0.06382978723404255,1.0,7,1,0.5106382978723404,0.25925925925925924,83.91304347826087,90.52173913043478,109.04347826086956,100.34782608695652,1.173913043478261,1056.8695652173913
ZJS,252,"Charles Francis Adams, Jr. (May 27, 1835 - May 20, 1915), a member of the prominent Adams political family and son of Charles Francis Adams, Sr., graduated at Harvard in 1856, and served on the Union side in the American Civil War, receiving in 1865 the brevet of brigadier-general in the regular army.",53,"0,2,4,6,8,10,12,15,16,17,18,20,22,23,24,26,28,30,32,35,36,39,40,42,44,46,48,48,48,50,51,1","1,3,5,7,9,11,13,14,19,21,25,27,29,31,33,34,37,38,41,43,45,47,49",,"(0,2); (2,4); (4,6); (6,8); (8,10); (10,12); (12,15); (18,20); (20,22); (24,26); (26,28); (28,30); (30,32); (32,35); (36,39); (40,42); (42,44); (44,46); (46,48); (48,50)",,23,0,0.4339622641509434,0.0,0.0,2,0,0.4339622641509434,0.21212121212121213,96.43333333333334,102.9,110.03333333333333,108.1,1.1,943.6166666666667
ZJS,253,"He was president of the Union Pacific Railroad from 1884 to 1890, having previously become widely known as an authority on the management of railways.",25,"1,3,5,6,7,9,10,11,12,13,14,15,14,14,15,19,21,22,24,3","2,4,8,16,17,18,20,23",14,"(1,3); (3,5); (7,9); (15,19); (19,21); (22,24)","(15,14)",8,1,0.32,0.04,0.0,3,1,0.36,0.15,87.375,87.375,110.0625,110.0625,1.25,898.1770833333334
ZJS,254,His son Charles Francis Adams was Secretary of the Navy and a renowned yachtsman.,14,"1,4,5,6,9,12,12,13","2,3,7,8,10,11",,"(1,4); (6,9); (9,12)",,6,0,0.42857142857142855,0.0,0.0,2,0,0.5,0.25,113.85714285714286,123.71428571428571,123.71428571428571,123.71428571428571,1.1428571428571428,904.6428571428571
ZJS,255,"Jean Tardieu (born in St Germain de Joux, France November 1, 1903, died in Creteil, France January 27, 1995) was an artist, musician, poet and dramatic author.",27,"0,1,0,1,8,9,8,11,12,14,18,19,22,21,22,25,2","2,3,4,5,6,7,9,10,13,15,16,17,20,21,23,24","0,8,21","(1,8); (8,11); (12,14); (14,18); (19,22); (22,25)","(1,0); (9,8); (22,21)",16,3,0.5925925925925926,0.1111111111111111,0.3333333333333333,6,1,0.5185185185185185,0.35294117647058826,94.15384615384616,94.15384615384616,147.76923076923077,130.69230769230768,1.3076923076923077,1064.1538461538462
ZJS,256,He is often associated with the Theatre of the Absurd.,10,"2,3,5,6,9,7,5","4,7,8","5,7","(3,5); (6,9)","(9,7); (7,5)",3,2,0.3,0.2,0.5,2,2,0.4,0.2857142857142857,120.5,120.5,214.0,153.66666666666666,1.1666666666666667,1004.6666666666666
ZJS,257,"John Eric Austin (born August 21, 1944, in Blaby, Leicestershire) is a British Member of Parliament for Erith and Thamesmead.",20,"0,2,0,9,12,13,15,16,15,18,19,19,14,15,15,15,9,9,11","1,2,3,4,5,6,7,8,10,11,14,16,17","0,14,15","(0,2); (0,9); (9,12); (13,15); (15,18); (9,11)","(2,0); (16,15); (19,14)",15,3,0.75,0.15,0.3333333333333333,8,5,0.45,0.4,100.18181818181819,109.81818181818181,231.0909090909091,176.9090909090909,1.8181818181818181,995.6818181818181
ZJS,258,He is a member of the Labour Party.,8,"3,7","4,5,6",,"(3,7)",,3,0,0.375,0.0,0.0,3,0,0.75,0.0,196.5,196.5,196.5,196.5,1.0,960.0
ZJS,259,He worked as a social worker and was leader of Greenwich council before entering Parliament.,15,"1,4,6,8,9,10,12,12,13,13,14,5","2,3,5,7,11",,"(1,4); (4,6); (6,8); (10,12)",,5,0,0.3333333333333333,0.0,0.0,2,0,0.3333333333333333,0.25,90.3,112.1,125.8,112.1,1.2,817.75
ZJS,260,Austin is a member of the left-wing Socialist Campaign Group.,10,"1,3,6,6,7,9,8,1,3","2,4,5,8",8,"(1,3); (3,6); (7,9)","(9,8)",4,1,0.4,0.1,1.0,2,1,0.4,0.3,80.66666666666667,92.66666666666667,243.83333333333334,166.33333333333334,1.6666666666666667,977.4444444444443
ZJS,261,He stated his intention to act as a stalking horse against Tony Blair.,13,"1,3,6,8,8,10,10,12,3","2,4,5,7,9,11",,"(1,3); (3,6); (6,8); (8,10); (10,12)",,6,0,0.46153846153846156,0.0,0.0,2,0,0.5384615384615384,0.1,114.0,137.16666666666666,305.3333333333333,176.83333333333334,1.6666666666666667,1016.5833333333334
ZJS,262,"He indicated his hope that, in the event of an election, Gordon Brown would enter.",15,"1,3,3,4,5,7,10,12,14,14,3,4","2,6,8,9,11,13",,"(1,3); (5,7); (7,10); (10,12); (12,14)",,6,0,0.4,0.0,0.0,2,0,0.4666666666666667,0.25,116.0,138.875,173.25,173.25,1.5,1023.3125
ZJS,263,"Robert Strange McNamara (born June 9, 1916) is an American business executive and a former United States Secretary of Defense.",20,"1,2,3,9,9,19,10,11,2,1,3,6,2","4,5,6,7,8,10,11,12,13,14,15,16,17,18","1,2","(3,9); (9,19); (3,6)","(2,1); (6,2)",16,2,0.8,0.1,0.0,9,4,0.6,0.35714285714285715,80.75,89.25,227.375,145.0,1.75,826.7708333333333
ZJS,264,He resigned that position to become President of the World Bank (1968-1981).,12,"1,3,4,6,5,6,9,11,11,11,11,5","2,5,7,8,10",5,"(1,3); (4,6); (6,9); (9,11)","(6,5)",5,1,0.4166666666666667,0.08333333333333333,1.0,2,1,0.4166666666666667,0.25,91.57142857142857,139.0,191.71428571428572,183.14285714285714,1.7142857142857142,922.6428571428571
ZJS,265,McNamara was born in San Francisco where his father was sales manager of a wholesale shoe firm.,17,"0,2,5,7,9,11,11,14,14,16,4","1,3,4,6,8,10,12,13,15",,"(0,2); (2,5); (5,7); (7,9); (9,11); (11,14); (14,16)",,9,0,0.5294117647058824,0.0,0.0,2,0,0.4117647058823529,0.3333333333333333,95.9,129.4,148.7,129.4,1.2,891.25
ZJS,266,"He graduated in 1937 from the University of California, Berkeley with a degree in economics and philosophy, and earned a master's degree from the Harvard Graduate School of Business Administration in 1939.",32,"1,4,5,6,8,9,11,13,14,16,18,20,21,23,25,25,28,29,31","2,3,7,10,12,15,17,19,22,24,26,27,30",,"(1,4); (6,8); (9,11); (11,13); (14,16); (16,18); (18,20); (21,23); (23,25); (25,28); (29,31)",,13,0,0.40625,0.0,0.0,2,0,0.4375,0.21052631578947367,103.55555555555556,107.83333333333333,107.83333333333333,107.83333333333333,1.0555555555555556,1019.0
ZJS,267,"He worked a year for the accounting firm of Price Waterhouse in San Francisco, and then in August 1940 returned to Harvard to teach in the Business School.",28,"1,3,6,6,9,9,10,10,13,12,12,13,13,15,17,19,19,21,23,26","2,4,5,7,8,11,12,14,16,18,20,22,24,25",12,"(1,3); (3,6); (6,9); (10,13); (13,15); (15,17); (17,19); (19,21); (21,23); (23,26)","(13,12)",14,1,0.5,0.03571428571428571,1.0,2,1,0.5357142857142857,0.3,107.61538461538461,141.6153846153846,172.15384615384616,159.76923076923077,1.5384615384615385,871.4102564102565
ZJS,268,"Following his involvement there in a program to teach the analytical approaches used in business to officers of the Army Air Forces, he entered the Army as a captain in early 1943, serving under Col. Curtis LeMay with analysis of U.S. bombers' efficiency and effectiveness as a major responsibility.",49,"0,0,2,3,6,8,10,10,11,13,14,16,18,20,21,23,25,28,28,30,31,31,35,37,38,41,42,2","1,4,5,7,9,12,15,17,19,22,24,26,27,29,32,33,34,36,39,40",,"(0,2); (3,6); (6,8); (8,10); (11,13); (14,16); (16,18); (18,20); (21,23); (23,25); (25,28); (28,30); (31,35); (35,37); (38,41)",,20,0,0.40816326530612246,0.0,0.0,3,0,0.5306122448979592,0.25,107.08695652173913,125.91304347826087,131.95652173913044,131.95652173913044,1.2173913043478262,851.7391304347826
ZJS,269,He left active duty three years later with the rank of lieutenant colonel.,13,"1,3,3,5,6,6,8,10,11,12","2,4,7,9",,"(1,3); (3,5); (6,8); (8,10)",,4,0,0.3076923076923077,0.0,0.0,1,0,0.38461538461538464,0.1,113.25,141.25,141.25,141.25,1.25,907.3125
ZJS,270,"During this period, McNamara helped to plan the 1945 bombing of Tokyo.",12,"0,2,2,3,4,6,8,9,9,11","1,5,7,10",,"(0,2); (4,6); (6,8); (9,11)",,4,0,0.3333333333333333,0.0,0.0,1,0,0.3333333333333333,0.36363636363636365,137.125,167.25,354.5,197.875,1.375,1010.9375
ZJS,271,"In 1946 McNamara joined Ford Motor Company, which he later said had been the result of a Life magazine article which reported how few college-educated managers there were at the then unprofitable company.",33,"1,2,3,5,6,8,11,12,14,18,16,14,17,19,20,19,21,21,23,24,24,25,26,27,28,30,31,32,2","4,7,9,10,13,15,16,17,18,20,22,29","14,16,19","(3,5); (6,8); (8,11); (12,14); (14,18); (14,17); (17,19); (19,21); (21,23); (28,30)","(18,16); (16,14); (20,19)",14,3,0.42424242424242425,0.09090909090909091,0.3333333333333333,3,2,0.2727272727272727,0.2413793103448276,109.08333333333333,125.45833333333333,146.75,135.41666666666666,1.2083333333333333,1163.2291666666667
ZJS,272,President-elect John F. Kennedy first offered the post of secretary of defense to former secretary Robert A. Lovett.,18,"0,3,5,5,7,8,9,9,11,13,17,15,17","1,2,4,6,10,12,14,15,16",15,"(0,3); (3,5); (5,7); (9,11); (11,13); (13,17)","(17,15)",9,1,0.5,0.05555555555555555,1.0,3,2,0.4444444444444444,0.3076923076923077,113.8,133.4,157.8,148.1,1.3,1126.0
ZJS,273,"Lovett declined but recommended McNamara; Kennedy had him approached by Sargent Shriver (regarding either the Treasury or the Defense cabinet post), and less than five weeks after becoming president at Ford, McNamara accepted Kennedy's invitation to serve as Secretary of Defense.",41,"0,0,1,2,3,3,4,5,7,8,8,10,11,15,23,22,24,25,25,27,27,28,30,31,32,33,34,34,36,38,3","6,9,12,13,14,16,17,18,19,20,21,22,23,26,29,35,37",22,"(5,7); (8,10); (11,15); (15,23); (22,24); (25,27); (28,30); (34,36); (36,38)","(23,22)",17,1,0.4146341463414634,0.024390243902439025,1.0,7,1,0.4146341463414634,0.3225806451612903,106.125,123.08333333333333,130.29166666666666,127.625,1.2916666666666667,981.9722222222222
ZJS,274,He also created the Defense Intelligence Agency and the Defense Supply Agency.,12,"1,2,4,5,6,8,9,9,5,4,9,10","3,7","4,5","(2,4); (6,8)","(9,5); (5,4)",2,2,0.16666666666666666,0.16666666666666666,0.0,1,4,0.3333333333333333,0.3333333333333333,110.0,130.0,174.875,174.875,1.5,938.1666666666667
ZJS,275,"Mary Lilian Baels (November 28, 1916 - June 7, 2002) was best known as Princess de Ruthy, the controversial morganatic second wife of King Leopold III of the Belgians.",29,"1,2,10,9,12,14,16,16,18,18,19,21,20,19,19,20,20,20,22,24,27,28,3","3,4,5,6,7,8,9,10,11,13,15,17,20,21,23,25,26","9,19,20","(2,10); (9,12); (12,14); (14,16); (16,18); (19,21); (20,22); (22,24); (24,27)","(10,9); (21,20); (20,19)",17,3,0.5862068965517241,0.10344827586206896,0.6666666666666666,7,1,0.4482758620689655,0.34782608695652173,113.4375,126.125,199.8125,148.3125,1.4375,888.5625
ZJS,276,"Mary Lilian Lucy Josepha Monique Baels was born in Highbury, London, England, one of eight children of Henri Baels, an attorney and fish trader from Ostend, Belgium, and his wife Anne Marie de Visscher, who were living in England during World War I.",43,"1,1,3,4,5,7,9,10,11,14,15,16,18,18,17,20,22,23,25,25,25,26,28,30,31,33,35,36,38,40,2","2,6,8,12,13,17,18,19,21,24,27,29,32,34,37,39",17,"(1,3); (5,7); (7,9); (11,14); (16,18); (17,20); (20,22); (23,25); (26,28); (28,30); (31,33); (33,35); (36,38); (38,40)","(18,17)",16,1,0.37209302325581395,0.023255813953488372,1.0,2,1,0.37209302325581395,0.1935483870967742,106.0,119.29629629629629,128.11111111111111,119.29629629629629,1.1481481481481481,923.8950617283949
ZJS,277,He is also notable in that he is the great great great grandfather of President George W. Bush through his son Reverend James Smith Bush.,25,"1,3,6,9,10,11,12,14,14,15,17,19,20,20,21,21,22,23,4","2,4,5,7,8,13,16,18",,"(1,3); (3,6); (6,9); (12,14); (15,17); (17,19)",,8,0,0.32,0.0,0.0,2,0,0.36,0.3157894736842105,119.9375,137.25,145.8125,137.25,1.1875,1001.21875
ZJS,278,"He was the son of a blacksmith Timothy Bush, Jr. and Lydia Newcomb and was born in Penfield, Monroe Co., New York on January 28, 1797.",26,"1,4,6,7,9,11,12,12,13,15,17,17,18,19,21,21,23,25,3","2,3,5,8,10,14,16,20,22,24",,"(1,4); (4,6); (7,9); (9,11); (13,15); (15,17); (19,21); (21,23); (23,25)",,10,0,0.38461538461538464,0.0,0.0,2,0,0.38461538461538464,0.21052631578947367,120.5625,140.125,149.0625,140.125,1.1875,1043.34375
ZJS,279,"He was a participant in the Underground Railroad, and even petitioned the New York state Legislature to secede from the Union in a protest against slavery.",26,"1,3,6,7,7,6,8,9,10,12,14,15,15,17,19,22,20,23,22,24,3","2,4,5,7,11,13,16,18,20,21,22,23","6,20,22","(1,3); (3,6); (6,8); (10,12); (12,14); (15,17); (17,19); (19,22); (20,23); (22,24)","(7,6); (22,20); (23,22)",13,3,0.5,0.11538461538461539,0.6666666666666666,2,2,0.34615384615384615,0.2727272727272727,104.05882352941177,114.6470588235294,146.2941176470588,136.11764705882354,1.2941176470588236,1041.9117647058824
ZJS,280,"Eventually Obadiah, Henry and possibly another brother or two went off to find their fortunes in the California Gold Rush of 1849.",22,"0,1,3,4,6,7,20,13,14,17,18,20,21,21,1","2,5,8,9,10,11,12,13,14,15,16,17,18,19",,"(1,3); (4,6); (7,20); (14,17)",,16,0,0.7272727272727273,0.0,0.0,12,0,0.45454545454545453,0.13333333333333333,128.0,133.66666666666666,186.58333333333334,151.91666666666666,1.25,856.125
ZJS,281,"Robert Henry Dee (born May 18, 1933 in Quincy, Massachusetts) is a former three-sport letterman at Holy Cross College who was one of the first players signed by the Boston Patriots in 1960.",33,"0,3,9,12,12,13,14,16,18,19,21,24,25,27,29,30,30,32,31,3","1,2,4,5,6,7,8,10,11,15,17,20,22,23,26,28,31",31,"(0,3); (3,9); (9,12); (14,16); (16,18); (19,21); (21,24); (25,27); (27,29); (30,32)","(32,31)",17,1,0.5151515151515151,0.030303030303030304,1.0,5,1,0.48484848484848486,0.3,93.58823529411765,102.0,123.70588235294117,110.70588235294117,1.1764705882352942,905.5882352941177
ZJS,282,"Another example of a player misjudged by the NFL, he became an ironman of the American Football League who never missed a game during his career, starting 112 consecutive games.",30,"0,1",,,,,0,0,0.0,0.0,0.0,0,0,0.26666666666666666,0.3333333333333333,102.36363636363636,105.36363636363636,134.54545454545453,123.22727272727273,1.2272727272727273,871.9318181818181
ZJS,283,"He was voted to five American Football League All-Star teams (1961, 1963-65).",12,"2,5,6,7,9,11,11,4","3,4,8,10",,"(2,5); (7,9); (9,11)",,4,0,0.3333333333333333,0.0,0.0,2,0,0.4166666666666667,0.125,135.28571428571428,145.85714285714286,169.71428571428572,145.85714285714286,1.1428571428571428,866.7142857142857
ZJS,284,"Joseph H. Ball (November 3, 1905 - December 18, 1993) was an American politician.",14,"1,3,9,10,12,13,3","2,4,5,6,7,8,11",,"(1,3); (3,9); (10,12)",,7,0,0.5,0.0,0.0,5,0,0.5714285714285714,0.14285714285714285,90.66666666666667,90.66666666666667,113.33333333333333,113.33333333333333,1.1666666666666667,971.9166666666666
ZJS,285,He served in the United States Senate as a Republican from Minnesota.,12,"1,4,6,7,9,11,11,5,9","2,3,5,8,10",,"(1,4); (4,6); (7,9); (9,11)",,5,0,0.4166666666666667,0.0,0.0,2,0,0.4166666666666667,0.1111111111111111,92.57142857142857,108.57142857142857,154.14285714285714,134.57142857142858,1.2857142857142858,1005.4285714285714
ZJS,286,He was first appointed to fill the Senate seat of Ernest Lundeen who had died in office.,17,"2,2,3,6,7,10,10,11,11,13,14,16","4,5,8,9,12,15",,"(3,6); (7,10); (11,13); (14,16)",,6,0,0.35294117647058826,0.0,0.0,2,0,0.47058823529411764,0.25,95.0,129.44444444444446,129.44444444444446,129.44444444444446,1.3333333333333333,942.7777777777778
ZJS,287,He lost his reelection bid in 1948 to Hubert H. Humphrey.,11,"2,3,6,5,3,6,7,8,10,10","4,5,9","3,5","(3,6); (8,10)","(6,5); (5,3)",3,2,0.2727272727272727,0.18181818181818182,0.5,2,2,0.36363636363636365,0.3,99.0,119.57142857142857,199.85714285714286,164.14285714285714,1.4285714285714286,824.8571428571429
ZJS,288,"Ball died in Chevy Chase, Maryland.",6,"1,1,3,4,5",2,,"(1,3)",,1,0,0.16666666666666666,0.0,0.0,1,0,0.3333333333333333,0.3333333333333333,134.5,151.75,262.5,194.25,1.5,983.25
ZJS,289,"Raymond Arrieta (born March 26, 1965 in San Juan, Puerto Rico) is considered by many to be one of Puerto Rico's greatest comedians.",23,"0,12,14,16,19,20,21,22,8,0,1","1,2,3,4,5,6,7,8,9,10,11,13,15,17,18",,"(0,12); (12,14); (14,16); (16,19)",,15,0,0.6521739130434783,0.0,0.0,11,0,0.5652173913043478,0.3333333333333333,89.1,89.1,168.0,118.2,1.2,1026.1
ZJS,290,"After Raymond graduated from high school, he enrolled in the ""Universidad del Sagrado Corazon"" (University of the Sacred Heart) of San Juan, where he earned a Bachelors Degree in ""Radio and Television Production"".",33,"1,1,1,1,1,1,2,13,14,19,21,23,24,26,27,29,31,2","3,4,5,6,7,8,9,10,11,12,15,16,17,18,20,22,25,28,30",,"(2,13); (14,19); (19,21); (21,23); (24,26); (27,29); (29,31)",,19,0,0.5757575757575758,0.0,0.0,10,0,0.6363636363636364,0.2777777777777778,100.16666666666667,181.83333333333334,192.08333333333334,192.08333333333334,1.5,941.4722222222223
ZJS,291,"Matthew Parker (August 6, 1504 - May 17, 1575) was Archbishop of Canterbury from 1559.",15,"1,2,9,10,10,12,14,14","3,4,5,6,7,8,11,13",,"(2,9); (10,12); (12,14)",,8,0,0.5333333333333333,0.0,0.0,6,0,0.6,0.25,82.66666666666667,122.83333333333333,122.83333333333333,122.83333333333333,1.3333333333333333,905.5
ZJS,292,"The eldest son of William Parker, he was born in Norwich, in St. Saviour's parish.",15,"1,13,14,13,14,3","2,3,4,5,6,7,8,9,10,11,12",13,"(1,13)","(14,13)",11,1,0.7333333333333333,0.06666666666666667,0.0,11,1,0.26666666666666666,0.375,87.63636363636364,87.63636363636364,257.0,130.0,1.4545454545454546,1039.439393939394
ZJS,293,"Matthew was sent in 1522 to Corpus Christi College, Cambridge, where he is said to have been contemporary with William Cecil, but Cecil was only two years old at the time.",31,"0,2,4,5,6,8,9,11,13,16,17,17,19,21,20,22,24,26,28,24,26,27,29,30,4","1,3,7,10,12,14,15,18,20,21,23,25,27,28","20,24","(0,2); (2,4); (6,8); (9,11); (11,13); (13,16); (17,19); (19,21); (20,22); (22,24); (24,26); (26,28); (27,29)","(21,20); (28,24)",14,2,0.45161290322580644,0.06451612903225806,0.5,2,4,0.3225806451612903,0.2,93.61904761904762,96.85714285714286,126.61904761904762,118.52380952380952,1.1904761904761905,921.1428571428571
ZJS,294,"He commenced MA in 1528, and was one of the Cambridge scholars whom Thomas Wolsey wished to transplant to his newly founded ""Cardinal College"" at Oxford.",26,"1,3,5,6,10,10,12,13,15,23,21,22,4","2,4,7,8,9,11,14,16,17,18,19,20,21,22",21,"(1,3); (3,5); (6,10); (10,12); (13,15); (15,23)","(23,21)",14,1,0.5384615384615384,0.038461538461538464,1.0,7,2,0.5384615384615384,0.23076923076923078,95.75,100.16666666666667,137.83333333333334,100.16666666666667,1.0833333333333333,874.2916666666666
ZJS,295,"Adolf Otto Reinhold Windaus (December 25, 1876 - June 9, 1959) was a significant German chemist.",16,"1,1,2,2,3,6,13,13,15,13","4,5,7,8,9,10,11,12,14",13,"(3,6); (6,13); (13,15)","(15,13)",9,1,0.5625,0.0625,0.0,6,2,0.625,0.3,106.66666666666667,159.0,180.5,180.5,1.6666666666666667,928.5555555555555
ZJS,296,He won a Nobel Prize in Chemistry in 1928.,9,"2,6,8","3,4,5,7",,"(2,6); (6,8)",,4,0,0.4444444444444444,0.0,0.0,3,0,0.6666666666666666,0.0,78.66666666666667,78.66666666666667,78.66666666666667,78.66666666666667,1.0,1027.0
ZJS,297,"Jack Kerouac (March 12, 1922 - October 21, 1969) was an American novelist, writer, poet, artist, and part of the Beat Generation.",22,"1,21,19,21,11,11","2,3,4,5,6,7,8,9,10,11,12,13,14,15,16,17,18,19,20",19,"(1,21)","(21,19)",19,1,0.8636363636363636,0.045454545454545456,1.0,19,2,0.8181818181818182,0.16666666666666666,116.25,136.0,243.25,161.0,1.5,1093.625
ZJS,298,"During Kerouac's time at Columbia University, Burroughs and Kerouac got into trouble with the law for failing to report a murder; this incident formed the basis of a mystery novel the two collaborated on in 1945 entitled And the Hippos Were Boiled in Their Tanks (the novel was never published, although an excerpt from the manuscript would be included in the Burroughs compilation Word Virus).",65,"0,1,4,5,6,20,8,9,9,11,13,14,16,18,29,29,31,32,35,35,36,37,40,41,43,45,53,52,1","2,3,7,8,9,10,11,12,13,14,15,16,17,18,19,20,21,22,23,24,25,26,27,28,30,33,34,38,39,42,44,46,47,48,49,50,51,52",52,"(1,4); (6,20); (9,11); (11,13); (14,16); (16,18); (18,29); (29,31); (32,35); (37,40); (41,43); (43,45); (45,53)","(53,52)",43,1,0.6615384615384615,0.015384615384615385,1.0,13,1,0.6153846153846154,0.3103448275862069,101.36,113.84,160.6,119.52,1.16,1015.46
ZJS,299,"In between his sea voyages, Kerouac stayed in New York with friends from Fordham.",14,"0,2,4,5,6,9,10,11,11","1,3,7,8",,"(0,2); (2,4); (6,9)",,4,0,0.2857142857142857,0.0,0.0,2,0,0.42857142857142855,0.2222222222222222,97.25,106.75,106.75,106.75,1.125,971.25
